primary_row_no,source_key,title,canonical_url,source_contract_count,all_contract_urls,proposed_cadence_class,proposed_source_publication_cadence,proposed_etl_refresh_interval,proposed_active_window_ist,proposed_holiday_or_closed_rule,proposed_empty_data_rule,proposed_fetch_group,current_live_panel_code_interval,evidence_status,official_evidence_url,reviewer_correction,reviewer_notes
1,bse_corporate_announcements,BSE Corporate Announcements,https://api.bseindia.com/BseIndiaAPI/api/AnnSubCategoryGetData/w,3,https://api.bseindia.com/BseIndiaAPI/api/AnnSubCategoryGetData/w | https://beta.bseindia.com/corporates/ann.html | https://www.bseindia.com/corporates/ann,EVENT_DRIVEN,Published when a company files; can arrive during or after market hours,10 minutes,08:00-23:30 IST daily,Continue on weekends/holidays at reduced cadence because corporate filings can still appear,No new filings is valid only when schema/date filters are valid; do not erase prior populated history,INDEPENDENT_SOURCE_JOB,NOT IN CURRENT 10-SOURCE LIVE-PANEL SCHEDULER,PROVISIONAL_UNVERIFIED_NEEDS_OFFICIAL_WEB_CHECK,TO BE FILLED BY REVIEWER,,
2,bse_order_win_announcements,BSE Order Win Announcements,https://api.bseindia.com/BseIndiaAPI/api/AnnSubCategoryGetData/w?pageno=1&strCat=Company+Update&strPrevDate=%7Bfrom_date%7D&strScrip=&strSearch=P&strToDate=%7Bto_date%7D&strType=C&subcategory=Award+of+Order+%2F+Receipt+of+Order,1,https://api.bseindia.com/BseIndiaAPI/api/AnnSubCategoryGetData/w?pageno=1&strCat=Company+Update&strPrevDate=%7Bfrom_date%7D&strScrip=&strSearch=P&strToDate=%7Bto_date%7D&strType=C&subcategory=Award+of+Order+%2F+Receipt+of+Order,EVENT_DRIVEN,Published when a company files; can arrive during or after market hours,10 minutes,08:00-23:30 IST daily,Continue on weekends/holidays at reduced cadence because corporate filings can still appear,No new filings is valid only when schema/date filters are valid; do not erase prior populated history,INDEPENDENT_SOURCE_JOB,NOT IN CURRENT 10-SOURCE LIVE-PANEL SCHEDULER,PROVISIONAL_UNVERIFIED_NEEDS_OFFICIAL_WEB_CHECK,TO BE FILLED BY REVIEWER,,
3,bse_bulk_deals,BSE Bulk Deals,https://api.bseindia.com/BseIndiaAPI/api/BulkDealData_ng/w?DealType=1,2,https://api.bseindia.com/BseIndiaAPI/api/BulkDealData_ng/w?DealType=1 | https://www.bseindia.com/markets/equity/EQReports/bulk_deals.aspx,INTRADAY_EVENT,Event-driven deal rows during the trading day; end-of-day completeness varies,5 minutes,09:15-18:30 IST on exchange trading days,Stop routine polling after the post-close catch-up window; preserve the last dated result as non-live context,Zero deals may be valid; store VALID_EMPTY only when the response schema and requested date are correct,INDEPENDENT_SOURCE_JOB,NOT IN CURRENT 10-SOURCE LIVE-PANEL SCHEDULER,PROVISIONAL_UNVERIFIED_NEEDS_OFFICIAL_WEB_CHECK,TO BE FILLED BY REVIEWER,,
4,bse_block_deals,BSE Block Deals,https://api.bseindia.com/BseIndiaAPI/api/BulkDealData_ng/w?DealType=2,3,https://api.bseindia.com/BseIndiaAPI/api/BulkDealData_ng/w?DealType=2 | https://beta.bseindia.com/static/markets/equity/EQReports/tra_Block_Deals.aspx | https://www.bseindia.com/markets/equity/EQReports/block_deals,INTRADAY_EVENT,Event-driven deal rows during the trading day; end-of-day completeness varies,5 minutes,09:15-18:30 IST on exchange trading days,Stop routine polling after the post-close catch-up window; preserve the last dated result as non-live context,Zero deals may be valid; store VALID_EMPTY only when the response schema and requested date are correct,INDEPENDENT_SOURCE_JOB,NOT IN CURRENT 10-SOURCE LIVE-PANEL SCHEDULER,PROVISIONAL_UNVERIFIED_NEEDS_OFFICIAL_WEB_CHECK,TO BE FILLED BY REVIEWER,,
5,bse_sast,BSE SAST Disclosures (Substantial Acquisition),https://api.bseindia.com/BseIndiaAPI/api/Corporatesast/w,4,https://api.bseindia.com/BseIndiaAPI/api/Corporatesast/w | https://api.bseindia.com/BseIndiaAPI/api/Corporatesast/w?Isdefault=&Regulation=&ToDate=&fromDT=&scripCode= | https://www.bseindia.com/corporates/corporates-sast | https://www.bseindia.com/corporates/SAST.aspx,EVENT_DRIVEN_SLOW,Published on filing/list update events rather than every market tick,30 minutes,08:00-23:30 IST daily,Use 2-hour polling on weekends/holidays unless an active offer/issue requires the normal interval,Valid-empty is allowed only with correct response schema/date; never convert empty into fresh evidence,INDEPENDENT_SOURCE_JOB,NOT IN CURRENT 10-SOURCE LIVE-PANEL SCHEDULER,PROVISIONAL_UNVERIFIED_NEEDS_OFFICIAL_WEB_CHECK,TO BE FILLED BY REVIEWER,,
7,bse_pledge_data,BSE Promoter Pledge & Encumbrance,https://api.bseindia.com/BseIndiaAPI/api/GetCorpPledgeShareholding_ng/w,3,https://api.bseindia.com/BseIndiaAPI/api/GetCorpPledgeShareholding_ng/w | https://beta.bseindia.com/corporates/Pledge_new.aspx | https://www.bseindia.com/corporates/pledge_new.aspx,EVENT_DRIVEN_SLOW,Published on filing/list update events rather than every market tick,30 minutes,08:00-23:30 IST daily,Use 2-hour polling on weekends/holidays unless an active offer/issue requires the normal interval,Valid-empty is allowed only with correct response schema/date; never convert empty into fresh evidence,INDEPENDENT_SOURCE_JOB,NOT IN CURRENT 10-SOURCE LIVE-PANEL SCHEDULER,PROVISIONAL_UNVERIFIED_NEEDS_OFFICIAL_WEB_CHECK,TO BE FILLED BY REVIEWER,,
8,nse_large_deals,NSE Large Deals (Bulk & Block),https://archives.nseindia.com/content/equities/bulk.csv,2,https://archives.nseindia.com/content/equities/bulk.csv | https://www.nseindia.com/market-data/large-deals,DAILY_EOD,One official dataset per exchange trading day after market close,15 minutes during release window; stop after same-day file is captured,15:45-22:00 IST on exchange trading days,On holidays/weekends expect the last trading-day file and do not relabel it as today's data,Missing/empty before the release cutoff is WAIT; after cutoff it is MISSING/PARTIAL and must not overwrite last good data,INDEPENDENT_SOURCE_JOB,NOT IN CURRENT 10-SOURCE LIVE-PANEL SCHEDULER,PROVISIONAL_UNVERIFIED_NEEDS_OFFICIAL_WEB_CHECK,TO BE FILLED BY REVIEWER,,
12,sge_benchmark_gold,Shanghai Gold Exchange (SGE) Benchmark Gold Price,https://en.sge.com.cn/graph/DayilyJzj,2,https://en.sge.com.cn/graph/DayilyJzj | https://en.sge.com.cn/h5_data_BenchmarkPrice,DAILY_OR_CHANGE_DETECT,Daily or irregular reference update; exact publisher cadence must be verified per row,Daily; use conditional hash and one retry window,06:00-16:00 IST on Shanghai business days,Run change-detection even on holidays where the publisher can revise reference data; do not claim a new trading day,Empty is not a successful refresh unless the publisher explicitly defines a valid-empty response,INDEPENDENT_SOURCE_JOB,NOT IN CURRENT 10-SOURCE LIVE-PANEL SCHEDULER,PROVISIONAL_UNVERIFIED_NEEDS_OFFICIAL_WEB_CHECK,TO BE FILLED BY REVIEWER,,
14,nsdl_fpi_daily,NSDL FPI Daily Trend & Net Investments,https://fpi.nsdl.co.in/web/Reports/Latest.aspx,1,https://fpi.nsdl.co.in/web/Reports/Latest.aspx,DAILY_OR_CHANGE_DETECT,Daily or irregular reference update; exact publisher cadence must be verified per row,Daily; use conditional hash and one retry window,17:00-23:30 IST on Indian business/trading days,Run change-detection even on holidays where the publisher can revise reference data; do not claim a new trading day,Empty is not a successful refresh unless the publisher explicitly defines a valid-empty response,INDEPENDENT_SOURCE_JOB,NOT IN CURRENT 10-SOURCE LIVE-PANEL SCHEDULER,PROVISIONAL_UNVERIFIED_NEEDS_OFFICIAL_WEB_CHECK,TO BE FILLED BY REVIEWER,,
15,fred_real_yield_10y,FRED 10-Year Real Interest Rate (DFII10),https://fred.stlouisfed.org/graph/fredgraph.csv?id=DFII10,2,https://fred.stlouisfed.org/graph/fredgraph.csv?id=DFII10 | https://fred.stlouisfed.org/series/DFII10,DAILY_OR_CHANGE_DETECT,Daily or irregular reference update; exact publisher cadence must be verified per row,Daily; use conditional hash and one retry window,06:00-22:00 IST on U.S. business days,Run change-detection even on holidays where the publisher can revise reference data; do not claim a new trading day,Empty is not a successful refresh unless the publisher explicitly defines a valid-empty response,INDEPENDENT_SOURCE_JOB,NOT IN CURRENT 10-SOURCE LIVE-PANEL SCHEDULER,PROVISIONAL_UNVERIFIED_NEEDS_OFFICIAL_WEB_CHECK,TO BE FILLED BY REVIEWER,,
16,fred_broad_dollar_index,FRED Trade-Weighted U.S. Dollar Index (DTWEXBGS),https://fred.stlouisfed.org/graph/fredgraph.csv?id=DTWEXBGS,2,https://fred.stlouisfed.org/graph/fredgraph.csv?id=DTWEXBGS | https://fred.stlouisfed.org/series/DTWEXBGS,DAILY_OR_CHANGE_DETECT,Daily or irregular reference update; exact publisher cadence must be verified per row,Daily; use conditional hash and one retry window,06:00-22:00 IST on U.S. business days,Run change-detection even on holidays where the publisher can revise reference data; do not claim a new trading day,Empty is not a successful refresh unless the publisher explicitly defines a valid-empty response,INDEPENDENT_SOURCE_JOB,NOT IN CURRENT 10-SOURCE LIVE-PANEL SCHEDULER,PROVISIONAL_UNVERIFIED_NEEDS_OFFICIAL_WEB_CHECK,TO BE FILLED BY REVIEWER,,
19,wgc_gold_etf_holdings,World Gold Council Weekly Gold ETF Holdings,https://fsapi.gold.org/api/v11/charts/etfv2/revised/holdings-chart2|wgc_gold_etf_flows:https://fsapi.gold.org/api/v11/charts/etfv2/revised/flows-chart2,2,https://fsapi.gold.org/api/v11/charts/etfv2/revised/holdings-chart2|wgc_gold_etf_flows:https://fsapi.gold.org/api/v11/charts/etfv2/revised/flows-chart2 | https://www.gold.org/goldhub/data/gold-etfs-holdings-and-flows,WEEKLY_RELEASE,Weekly dataset; exact weekday/time needs official verification,Daily check; 60 minutes during the verified release window,Publisher release window to be verified and converted to IST,"Follow publisher calendar, not NSE holiday state",Retain the previous dated release until a newer official period is available,WGC_ETF_HOLDINGS_AND_FLOWS_BUNDLE,NOT IN CURRENT 10-SOURCE LIVE-PANEL SCHEDULER,PROVISIONAL_UNVERIFIED_NEEDS_OFFICIAL_WEB_CHECK,TO BE FILLED BY REVIEWER,,
20,world_gold_council_oi,World Gold Council Weekly Gold Futures OI,https://fsapi.gold.org/datawarehouseapi/api/total-open-interest,2,https://fsapi.gold.org/datawarehouseapi/api/total-open-interest | https://www.gold.org/goldhub/data/gold-open-interest,DAILY_OR_CHANGE_DETECT,Daily or irregular reference update; exact publisher cadence must be verified per row,Daily; use conditional hash and one retry window,06:00-12:00 IST daily check,Run change-detection even on holidays where the publisher can revise reference data; do not claim a new trading day,Empty is not a successful refresh unless the publisher explicitly defines a valid-empty response,INDEPENDENT_SOURCE_JOB,NOT IN CURRENT 10-SOURCE LIVE-PANEL SCHEDULER,PROVISIONAL_UNVERIFIED_NEEDS_OFFICIAL_WEB_CHECK,TO BE FILLED BY REVIEWER,,
21,eia_weekly_petroleum_stocks,EIA Weekly U.S. Petroleum Stocks Status,https://ir.eia.gov/wpsr/table1.csv,2,https://ir.eia.gov/wpsr/table1.csv | https://www.eia.gov/petroleum/supply/weekly/index.php,WEEKLY_RELEASE,Weekly U.S. petroleum status release; holiday delays are possible,30 minutes around release; daily check until captured,Wednesday 19:30-23:30 IST; verify DST/holiday-adjusted official release calendar,Follow the EIA holiday release calendar rather than NSE holidays,WAIT before scheduled release; MISSING after the official delayed-release cutoff,INDEPENDENT_SOURCE_JOB,NOT IN CURRENT 10-SOURCE LIVE-PANEL SCHEDULER,PROVISIONAL_UNVERIFIED_NEEDS_OFFICIAL_WEB_CHECK,TO BE FILLED BY REVIEWER,,
22,nse_slb,NSE Securities Lending & Borrowing (SLB) Open Positions,https://nsearchives.nseindia.com/archives/slbs/open_pos/slb_openpos_13072026.csv,2,https://nsearchives.nseindia.com/archives/slbs/open_pos/slb_openpos_13072026.csv | https://www.nseindia.com/static/products-services/slbs-trading,DAILY_EOD,One official dataset per exchange trading day after market close,15 minutes during release window; stop after same-day file is captured,15:45-22:00 IST on exchange trading days,On holidays/weekends expect the last trading-day file and do not relabel it as today's data,Missing/empty before the release cutoff is WAIT; after cutoff it is MISSING/PARTIAL and must not overwrite last good data,INDEPENDENT_SOURCE_JOB,NOT IN CURRENT 10-SOURCE LIVE-PANEL SCHEDULER,PROVISIONAL_UNVERIFIED_NEEDS_OFFICIAL_WEB_CHECK,TO BE FILLED BY REVIEWER,,
23,nse_bhavcopy_eod,NSE Official Cash EQ Bhavcopy,https://nsearchives.nseindia.com/content/cm/BhavCopy_NSE_CM_0_0_0_20260715_F_0000.csv.zip,2,https://nsearchives.nseindia.com/content/cm/BhavCopy_NSE_CM_0_0_0_20260715_F_0000.csv.zip | https://www.nseindia.com/all-reports,DAILY_EOD,One official dataset per exchange trading day after market close,15 minutes during release window; stop after same-day file is captured,15:45-22:00 IST on exchange trading days,On holidays/weekends expect the last trading-day file and do not relabel it as today's data,Missing/empty before the release cutoff is WAIT; after cutoff it is MISSING/PARTIAL and must not overwrite last good data,NSE_PR_ZIP_REUSE,NOT IN CURRENT 10-SOURCE LIVE-PANEL SCHEDULER,PROVISIONAL_UNVERIFIED_NEEDS_OFFICIAL_WEB_CHECK,TO BE FILLED BY REVIEWER,,
24,nse_equity_universe,NSE Equity Instrument Identity Universe,https://nsearchives.nseindia.com/content/equities/EQUITY_L.csv,2,https://nsearchives.nseindia.com/content/equities/EQUITY_L.csv | https://www.nseindia.com/static/market-data/securities-available-for-trading,DAILY_OR_CHANGE_DETECT,Daily or irregular reference update; exact publisher cadence must be verified per row,Daily; use conditional hash and one retry window,06:00-08:30 IST daily check,Run change-detection even on holidays where the publisher can revise reference data; do not claim a new trading day,Empty is not a successful refresh unless the publisher explicitly defines a valid-empty response,INDEPENDENT_SOURCE_JOB,NOT IN CURRENT 10-SOURCE LIVE-PANEL SCHEDULER,PROVISIONAL_UNVERIFIED_NEEDS_OFFICIAL_WEB_CHECK,TO BE FILLED BY REVIEWER,,
25,nse_fo_bhavcopy,NSE F&O Derivatives EOD Bhavcopy,https://nsearchives.nseindia.com/content/fo/BhavCopy_NSE_FO_0_0_0_20260710_F_0000.csv.zip|nse_participant_oi:https://archives.nseindia.com/content/nsccl/fao_participant_oi_10072026.csv,2,https://nsearchives.nseindia.com/content/fo/BhavCopy_NSE_FO_0_0_0_20260710_F_0000.csv.zip|nse_participant_oi:https://archives.nseindia.com/content/nsccl/fao_participant_oi_10072026.csv | https://www.nseindia.com/all-reports-derivatives,DAILY_EOD,One official dataset per exchange trading day after market close,15 minutes during release window; stop after same-day file is captured,15:45-22:00 IST on exchange trading days,On holidays/weekends expect the last trading-day file and do not relabel it as today's data,Missing/empty before the release cutoff is WAIT; after cutoff it is MISSING/PARTIAL and must not overwrite last good data,NSE_FO_BHAVCOPY_AND_PARTICIPANT_OI_BUNDLE,NOT IN CURRENT 10-SOURCE LIVE-PANEL SCHEDULER,PROVISIONAL_UNVERIFIED_NEEDS_OFFICIAL_WEB_CHECK,TO BE FILLED BY REVIEWER,,
26,nse_nifty500_constituents,NSE Nifty500 Index Constituents,https://nsearchives.nseindia.com/content/indices/ind_nifty500list.csv,1,https://nsearchives.nseindia.com/content/indices/ind_nifty500list.csv,DAILY_OR_CHANGE_DETECT,Daily or irregular reference update; exact publisher cadence must be verified per row,Daily; use conditional hash and one retry window,06:00-08:30 IST daily check,Run change-detection even on holidays where the publisher can revise reference data; do not claim a new trading day,Empty is not a successful refresh unless the publisher explicitly defines a valid-empty response,INDEPENDENT_SOURCE_JOB,NOT IN CURRENT 10-SOURCE LIVE-PANEL SCHEDULER,PROVISIONAL_UNVERIFIED_NEEDS_OFFICIAL_WEB_CHECK,TO BE FILLED BY REVIEWER,,
27,cftc_legacy_futures_only,CFTC COT Legacy Futures Only Report,https://publicreporting.cftc.gov/resource/6dca-aqww.json?%24limit=500&%24order=report_date_as_yyyy_mm_dd+DESC,1,https://publicreporting.cftc.gov/resource/6dca-aqww.json?%24limit=500&%24order=report_date_as_yyyy_mm_dd+DESC,WEEKLY_RELEASE,"Weekly COT release, normally Friday U.S. time; holiday delays are possible",30 minutes around release; daily check until captured,Saturday 00:30-04:00 IST; verify DST and CFTC holiday schedule,"Follow the CFTC release calendar, independent of Indian exchange holidays",WAIT before release; MISSING after official cutoff; do not overwrite the prior report,INDEPENDENT_SOURCE_JOB,NOT IN CURRENT 10-SOURCE LIVE-PANEL SCHEDULER,PROVISIONAL_UNVERIFIED_NEEDS_OFFICIAL_WEB_CHECK,TO BE FILLED BY REVIEWER,,
28,cftc_disagg_futures_only,CFTC COT Disaggregated Futures Only Report,https://publicreporting.cftc.gov/resource/72hh-3qpy.json?%24limit=500&%24order=report_date_as_yyyy_mm_dd+DESC,1,https://publicreporting.cftc.gov/resource/72hh-3qpy.json?%24limit=500&%24order=report_date_as_yyyy_mm_dd+DESC,WEEKLY_RELEASE,"Weekly COT release, normally Friday U.S. time; holiday delays are possible",30 minutes around release; daily check until captured,Saturday 00:30-04:00 IST; verify DST and CFTC holiday schedule,"Follow the CFTC release calendar, independent of Indian exchange holidays",WAIT before release; MISSING after official cutoff; do not overwrite the prior report,INDEPENDENT_SOURCE_JOB,NOT IN CURRENT 10-SOURCE LIVE-PANEL SCHEDULER,PROVISIONAL_UNVERIFIED_NEEDS_OFFICIAL_WEB_CHECK,TO BE FILLED BY REVIEWER,,
29,cftc_tff_futures_only,CFTC COT Financial Traders (TFF) Futures Only Report,https://publicreporting.cftc.gov/resource/gpe5-46if.json?%24limit=500&%24order=report_date_as_yyyy_mm_dd+DESC,1,https://publicreporting.cftc.gov/resource/gpe5-46if.json?%24limit=500&%24order=report_date_as_yyyy_mm_dd+DESC,WEEKLY_RELEASE,"Weekly COT release, normally Friday U.S. time; holiday delays are possible",30 minutes around release; daily check until captured,Saturday 00:30-04:00 IST; verify DST and CFTC holiday schedule,"Follow the CFTC release calendar, independent of Indian exchange holidays",WAIT before release; MISSING after official cutoff; do not overwrite the prior report,INDEPENDENT_SOURCE_JOB,NOT IN CURRENT 10-SOURCE LIVE-PANEL SCHEDULER,PROVISIONAL_UNVERIFIED_NEEDS_OFFICIAL_WEB_CHECK,TO BE FILLED BY REVIEWER,,
30,amfi_scheme_wise,AMFI Quarterly Scheme-Wise Mutual Fund Disclosures,https://www.amfiindia.com/api/schemewisedisclosure-investment?quarter=resolved,2,https://www.amfiindia.com/api/schemewisedisclosure-investment?quarter=resolved | https://www.amfiindia.com/otherdata/scheme-wise-disclosure,QUARTERLY_RELEASE,Quarterly disclosure; exact due/publication date needs official verification,Daily during the post-quarter release window; weekly otherwise,"First 15 calendar days after quarter end, 08:00-20:00 IST","Calendar-based, not exchange-session based",Retain the previous quarter until a new complete quarter is available,INDEPENDENT_SOURCE_JOB,NOT IN CURRENT 10-SOURCE LIVE-PANEL SCHEDULER,PROVISIONAL_UNVERIFIED_NEEDS_OFFICIAL_WEB_CHECK,TO BE FILLED BY REVIEWER,,
36,bse_bhavcopy_eod,BSE Cash EOD Bhavcopy,https://www.bseindia.com/download/BhavCopy/Equity/BhavCopy_BSE_CM_0_0_0_20260715_F_0000.csv,2,https://www.bseindia.com/download/BhavCopy/Equity/BhavCopy_BSE_CM_0_0_0_20260715_F_0000.csv | https://www.bseindia.com/markets/MarketInfo/BhavCopy.aspx,DAILY_EOD,One official dataset per exchange trading day after market close,15 minutes during release window; stop after same-day file is captured,15:45-22:00 IST on exchange trading days,On holidays/weekends expect the last trading-day file and do not relabel it as today's data,Missing/empty before the release cutoff is WAIT; after cutoff it is MISSING/PARTIAL and must not overwrite last good data,INDEPENDENT_SOURCE_JOB,NOT IN CURRENT 10-SOURCE LIVE-PANEL SCHEDULER,PROVISIONAL_UNVERIFIED_NEEDS_OFFICIAL_WEB_CHECK,TO BE FILLED BY REVIEWER,,
40,cftc_cot,CFTC Commitments of Traders (COT) Annual Report,https://www.cftc.gov/dea/newcot/f_disagg.txt,3,https://www.cftc.gov/dea/newcot/f_disagg.txt | https://www.cftc.gov/files/dea/history/fut_disagg_txt_2026.zip | https://www.cftc.gov/MarketReports/CommitmentsofTraders/index.htm,WEEKLY_RELEASE,"Weekly COT release, normally Friday U.S. time; holiday delays are possible",30 minutes around release; daily check until captured,Saturday 00:30-04:00 IST; verify DST and CFTC holiday schedule,"Follow the CFTC release calendar, independent of Indian exchange holidays",WAIT before release; MISSING after official cutoff; do not overwrite the prior report,INDEPENDENT_SOURCE_JOB,NOT IN CURRENT 10-SOURCE LIVE-PANEL SCHEDULER,PROVISIONAL_UNVERIFIED_NEEDS_OFFICIAL_WEB_CHECK,TO BE FILLED BY REVIEWER,,
44,nsdl_fpi_fortnightly,NSDL Fortnightly FPI Sectoral AUC (WAF Protected),https://www.fpi.nsdl.co.in/web/Reports/FPIFortnightlySelection.aspx,1,https://www.fpi.nsdl.co.in/web/Reports/FPIFortnightlySelection.aspx,FORTNIGHTLY_RELEASE,Fortnightly reporting period; exact publication lag needs official verification,Daily during expected release window; weekly otherwise,"15th/month-end plus the following business days, 17:00-23:30 IST",Use NSDL reporting calendar; weekend/holiday delays are valid,Keep the prior fortnight until a newer report is published; schema-empty is not success,INDEPENDENT_SOURCE_JOB,NOT IN CURRENT 10-SOURCE LIVE-PANEL SCHEDULER,PROVISIONAL_UNVERIFIED_NEEDS_OFFICIAL_WEB_CHECK,TO BE FILLED BY REVIEWER,,
45,nsdl_fpi_daily_reportdetail,NSDL FPI AUC Category Report (RepID=94),https://www.fpi.nsdl.co.in/web/Reports/ReportDetail.aspx?RepID=94,1,https://www.fpi.nsdl.co.in/web/Reports/ReportDetail.aspx?RepID=94,DAILY_OR_CHANGE_DETECT,Daily or irregular reference update; exact publisher cadence must be verified per row,Daily; use conditional hash and one retry window,17:00-23:30 IST on Indian business/trading days,Run change-detection even on holidays where the publisher can revise reference data; do not claim a new trading day,Empty is not a successful refresh unless the publisher explicitly defines a valid-empty response,INDEPENDENT_SOURCE_JOB,NOT IN CURRENT 10-SOURCE LIVE-PANEL SCHEDULER,PROVISIONAL_UNVERIFIED_NEEDS_OFFICIAL_WEB_CHECK,TO BE FILLED BY REVIEWER,,
48,mcx_bhavcopy,MCX Commodity EOD Bhavcopy,https://www.mcxindia.com/market-data/bhavcopy,3,https://www.mcxindia.com/market-data/bhavcopy | https://www.mcxindia.com/market-data/BhavCopy | https://www.mcxindia.com/market-data/bhav-copy,DAILY_EOD_COMMODITY,One MCX trading-day file after the evening commodity session,30 minutes during release window; stop after same-day file is captured,23:15-03:00 IST spanning the trading day close; verify seasonal MCX close/release time,No new file on MCX holidays; retain the last MCX trading date as EOD context,WAIT until release cutoff; then MISSING/PARTIAL without overwriting last good data,INDEPENDENT_SOURCE_JOB,NOT IN CURRENT 10-SOURCE LIVE-PANEL SCHEDULER,PROVISIONAL_UNVERIFIED_NEEDS_OFFICIAL_WEB_CHECK,https://www.sebi.gov.in/curation/commodity_derivatives.html,,Canonical SEBI-listed MCX Bhavcopy route; browser-TLS fallback rejects Akamai and Sitefinity status pages
52,nse_all_indices,NSE All Equity & Derivative Indices,https://www.nseindia.com/api/allIndices,1,https://www.nseindia.com/api/allIndices,INTRADAY,Continuously changing during the applicable NSE market session,120 seconds,09:15-15:30 IST on NSE trading days,Stop polling on holidays and after close; show MARKET_CLOSED/STALE and require same trading date for LIVE,"Empty during OPEN is not usable; retry, then mark only this source PARTIAL/QUARANTINED",INDEPENDENT_SOURCE_JOB,120 seconds while eligible OPEN/PRE_OPEN session,PROVISIONAL_UNVERIFIED_NEEDS_OFFICIAL_WEB_CHECK,TO BE FILLED BY REVIEWER,,
53,nse_block_deal,NSE Block Deals Feed,https://www.nseindia.com/api/block-deal,1,https://www.nseindia.com/api/block-deal,INTRADAY_EVENT,Event-driven deal rows during the trading day; end-of-day completeness varies,5 minutes,09:15-18:30 IST on exchange trading days,Stop routine polling after the post-close catch-up window; preserve the last dated result as non-live context,Zero deals may be valid; store VALID_EMPTY only when the response schema and requested date are correct,INDEPENDENT_SOURCE_JOB,NOT IN CURRENT 10-SOURCE LIVE-PANEL SCHEDULER,PROVISIONAL_UNVERIFIED_NEEDS_OFFICIAL_WEB_CHECK,TO BE FILLED BY REVIEWER,,
54,nse_announcements,NSE Corporate Announcements Feed,https://www.nseindia.com/api/corporate-announcements?index=equities,3,https://www.nseindia.com/api/corporate-announcements?index=equities | https://www.nseindia.com/companies-listing/corporate-filings-announcements | https://www.nseindia.com/companies-listing/corporate-filings-announcements-xbrl,EVENT_DRIVEN,Published when a company files; can arrive during or after market hours,10 minutes,08:00-23:30 IST daily,Continue on weekends/holidays at reduced cadence because corporate filings can still appear,No new filings is valid only when schema/date filters are valid; do not erase prior populated history,INDEPENDENT_SOURCE_JOB,NOT IN CURRENT 10-SOURCE LIVE-PANEL SCHEDULER,PROVISIONAL_UNVERIFIED_NEEDS_OFFICIAL_WEB_CHECK,TO BE FILLED BY REVIEWER,,
55,nse_pledge_data,NSE Promoter Pledge & Encumbered Shares,https://www.nseindia.com/api/corporate-pledgeData,2,https://www.nseindia.com/api/corporate-pledgeData | https://www.nseindia.com/companies-listing/corporate-filings-pledged-data,EVENT_DRIVEN_SLOW,Published on filing/list update events rather than every market tick,30 minutes,08:00-23:30 IST daily,Use 2-hour polling on weekends/holidays unless an active offer/issue requires the normal interval,Valid-empty is allowed only with correct response schema/date; never convert empty into fresh evidence,INDEPENDENT_SOURCE_JOB,NOT IN CURRENT 10-SOURCE LIVE-PANEL SCHEDULER,PROVISIONAL_UNVERIFIED_NEEDS_OFFICIAL_WEB_CHECK,TO BE FILLED BY REVIEWER,,
56,nse_shareholding_pattern,NSE Shareholding Pattern Master,https://www.nseindia.com/api/corporate-share-holdings-master,3,https://www.nseindia.com/api/corporate-share-holdings-master | https://www.nseindia.com/api/corporate-share-holdings-master?index=equities&symbol=%7Bsymbol%7D | https://www.nseindia.com/api/corporate-share-holdings-master?index=equities&symbol=RELIANCE,EVENT_DRIVEN_SLOW,Published on filing/list update events rather than every market tick,30 minutes,08:00-23:30 IST daily,Use 2-hour polling on weekends/holidays unless an active offer/issue requires the normal interval,Valid-empty is allowed only with correct response schema/date; never convert empty into fresh evidence,INDEPENDENT_SOURCE_JOB,NOT IN CURRENT 10-SOURCE LIVE-PANEL SCHEDULER,PROVISIONAL_UNVERIFIED_NEEDS_OFFICIAL_WEB_CHECK,TO BE FILLED BY REVIEWER,,
59,nse_regulation_29,NSE Regulation 29 SAST Disclosures,https://www.nseindia.com/api/corporate-shareholding-disclosure?type=reg29,3,https://www.nseindia.com/api/corporate-shareholding-disclosure?type=reg29 | https://www.nseindia.com/companies-listing/corporate-filings-regulation-29 | https://www.nseindia.com/companies-listing/corporate-filings-regulation-29-promoters,EVENT_DRIVEN_SLOW,Published on filing/list update events rather than every market tick,30 minutes,08:00-23:30 IST daily,Use 2-hour polling on weekends/holidays unless an active offer/issue requires the normal interval,Valid-empty is allowed only with correct response schema/date; never convert empty into fresh evidence,INDEPENDENT_SOURCE_JOB,NOT IN CURRENT 10-SOURCE LIVE-PANEL SCHEDULER,PROVISIONAL_UNVERIFIED_NEEDS_OFFICIAL_WEB_CHECK,TO BE FILLED BY REVIEWER,,
60,nse_regulation_31,NSE Regulation 31 Promoter Pledge Disclosures,https://www.nseindia.com/api/corporate-shareholding-disclosure?type=reg31,3,https://www.nseindia.com/api/corporate-shareholding-disclosure?type=reg31 | https://www.nseindia.com/companies-listing/corporate-filings-regulation-31 | https://www.nseindia.com/companies-listing/corporate-filings-regulation-31-event,EVENT_DRIVEN_SLOW,Published on filing/list update events rather than every market tick,30 minutes,08:00-23:30 IST daily,Use 2-hour polling on weekends/holidays unless an active offer/issue requires the normal interval,Valid-empty is allowed only with correct response schema/date; never convert empty into fresh evidence,INDEPENDENT_SOURCE_JOB,NOT IN CURRENT 10-SOURCE LIVE-PANEL SCHEDULER,PROVISIONAL_UNVERIFIED_NEEDS_OFFICIAL_WEB_CHECK,TO BE FILLED BY REVIEWER,,
61,nse_corporate_filings_actions,NSE Corporate Actions & Events,https://www.nseindia.com/api/corporates-corporateActions?index=equities,2,https://www.nseindia.com/api/corporates-corporateActions?index=equities | https://www.nseindia.com/companies-listing/corporate-filings-actions,EVENT_DRIVEN_SLOW,Published on filing/list update events rather than every market tick,30 minutes,08:00-23:30 IST daily,Use 2-hour polling on weekends/holidays unless an active offer/issue requires the normal interval,Valid-empty is allowed only with correct response schema/date; never convert empty into fresh evidence,INDEPENDENT_SOURCE_JOB,NOT IN CURRENT 10-SOURCE LIVE-PANEL SCHEDULER,PROVISIONAL_UNVERIFIED_NEEDS_OFFICIAL_WEB_CHECK,TO BE FILLED BY REVIEWER,,
62,nse_daily_buyback,NSE Daily Buyback Disclosures,https://www.nseindia.com/api/corporates-daily-buyback,2,https://www.nseindia.com/api/corporates-daily-buyback | https://www.nseindia.com/companies-listing/corporate-filings-daily-buy-back,EVENT_DRIVEN_SLOW,Published on filing/list update events rather than every market tick,30 minutes,08:00-23:30 IST daily,Use 2-hour polling on weekends/holidays unless an active offer/issue requires the normal interval,Valid-empty is allowed only with correct response schema/date; never convert empty into fresh evidence,INDEPENDENT_SOURCE_JOB,NOT IN CURRENT 10-SOURCE LIVE-PANEL SCHEDULER,PROVISIONAL_UNVERIFIED_NEEDS_OFFICIAL_WEB_CHECK,TO BE FILLED BY REVIEWER,,
63,nse_financial_results,NSE Quarterly Financial Results,https://www.nseindia.com/api/corporates-financial-results?from_date=%7Bfrom_date%7D&index=equities&period=Quarterly&to_date=%7Bto_date%7D,1,https://www.nseindia.com/api/corporates-financial-results?from_date=%7Bfrom_date%7D&index=equities&period=Quarterly&to_date=%7Bto_date%7D,EVENT_DRIVEN,Published when a company files; can arrive during or after market hours,10 minutes,08:00-23:30 IST daily,Continue on weekends/holidays at reduced cadence because corporate filings can still appear,No new filings is valid only when schema/date filters are valid; do not erase prior populated history,INDEPENDENT_SOURCE_JOB,NOT IN CURRENT 10-SOURCE LIVE-PANEL SCHEDULER,PROVISIONAL_UNVERIFIED_NEEDS_OFFICIAL_WEB_CHECK,TO BE FILLED BY REVIEWER,,
64,nse_pit_symbol,NSE PIT Insider Trading (Symbol Query),https://www.nseindia.com/api/corporates-pit?index=equities&symbol=%7Bsymbol%7D,2,https://www.nseindia.com/api/corporates-pit?index=equities&symbol=%7Bsymbol%7D | https://www.nseindia.com/companies-listing/corporate-filings-pit,EVENT_DRIVEN,Published when a company files; can arrive during or after market hours,10 minutes,08:00-23:30 IST daily,Continue on weekends/holidays at reduced cadence because corporate filings can still appear,No new filings is valid only when schema/date filters are valid; do not erase prior populated history,INDEPENDENT_SOURCE_JOB,NOT IN CURRENT 10-SOURCE LIVE-PANEL SCHEDULER,PROVISIONAL_UNVERIFIED_NEEDS_OFFICIAL_WEB_CHECK,https://www.nseindia.com/api/corporates-pit,Per-symbol route returns 20 populated recent disclosures while the market-wide route is valid-empty; bounded symbol fan-out is required,Official current per-symbol PIT route; zero-score informational and explicit buy/sell direction
65,nse_sector_constituents,NSE Sector Index Constituents,https://www.nseindia.com/api/equity-stock-indices?index=%7Bsector_index%7D,1,https://www.nseindia.com/api/equity-stock-indices?index=%7Bsector_index%7D,INTRADAY,Continuously changing during the applicable NSE market session,120 seconds,09:15-15:30 IST on NSE trading days,Stop polling on holidays and after close; show MARKET_CLOSED/STALE and require same trading date for LIVE,"Empty during OPEN is not usable; retry, then mark only this source PARTIAL/QUARANTINED",INDEPENDENT_SOURCE_JOB,NOT IN CURRENT 10-SOURCE LIVE-PANEL SCHEDULER,PROVISIONAL_UNVERIFIED_NEEDS_OFFICIAL_WEB_CHECK,TO BE FILLED BY REVIEWER,,
66,nse_fii_dii,NSE FII / DII Institutional Cash Flows,https://www.nseindia.com/api/fiidiiTradeReact,2,https://www.nseindia.com/api/fiidiiTradeReact | https://www.nseindia.com/reports/fii-dii,DAILY_EOD,One official dataset per exchange trading day after market close,15 minutes during release window; stop after same-day file is captured,15:45-20:00 IST on NSE trading days,On holidays/weekends expect the last trading-day file and do not relabel it as today's data,Missing/empty before the release cutoff is WAIT; after cutoff it is MISSING/PARTIAL and must not overwrite last good data,INDEPENDENT_SOURCE_JOB,NOT IN CURRENT 10-SOURCE LIVE-PANEL SCHEDULER,PROVISIONAL_UNVERIFIED_NEEDS_OFFICIAL_WEB_CHECK,TO BE FILLED BY REVIEWER,,
67,nse_trading_calendar,NSE Trading Holiday Calendar,https://www.nseindia.com/api/holiday-master?type=trading,2,https://www.nseindia.com/api/holiday-master?type=trading | https://www.nseindia.com/resources/exchange-communication-holidays,DAILY_OR_CHANGE_DETECT,Daily or irregular reference update; exact publisher cadence must be verified per row,Daily; use conditional hash and one retry window,05:30-07:00 IST daily check,Run change-detection even on holidays where the publisher can revise reference data; do not claim a new trading day,Empty is not a successful refresh unless the publisher explicitly defines a valid-empty response,INDEPENDENT_SOURCE_JOB,NOT IN CURRENT 10-SOURCE LIVE-PANEL SCHEDULER,PROVISIONAL_UNVERIFIED_NEEDS_OFFICIAL_WEB_CHECK,TO BE FILLED BY REVIEWER,,
68,nse_most_active_value,NSE Most Active Securities by Value,https://www.nseindia.com/api/live-analysis-most-active-securities?index=value,1,https://www.nseindia.com/api/live-analysis-most-active-securities?index=value,INTRADAY,Continuously changing during the applicable NSE market session,120 seconds,09:15-15:30 IST on NSE trading days,Stop polling on holidays and after close; show MARKET_CLOSED/STALE and require same trading date for LIVE,"Empty during OPEN is not usable; retry, then mark only this source PARTIAL/QUARANTINED",NSE_MOST_ACTIVE_SESSION_POOL,120 seconds while eligible OPEN/PRE_OPEN session,PROVISIONAL_UNVERIFIED_NEEDS_OFFICIAL_WEB_CHECK,TO BE FILLED BY REVIEWER,,
69,nse_most_active_volume,NSE Most Active Securities by Volume,https://www.nseindia.com/api/live-analysis-most-active-securities?index=volume,1,https://www.nseindia.com/api/live-analysis-most-active-securities?index=volume,INTRADAY,Continuously changing during the applicable NSE market session,120 seconds,09:15-15:30 IST on NSE trading days,Stop polling on holidays and after close; show MARKET_CLOSED/STALE and require same trading date for LIVE,"Empty during OPEN is not usable; retry, then mark only this source PARTIAL/QUARANTINED",NSE_MOST_ACTIVE_SESSION_POOL,120 seconds while eligible OPEN/PRE_OPEN session,PROVISIONAL_UNVERIFIED_NEEDS_OFFICIAL_WEB_CHECK,TO BE FILLED BY REVIEWER,,
70,nse_most_active_underlying,NSE Most Active F&O Underlyings,https://www.nseindia.com/api/live-analysis-most-active-underlying,1,https://www.nseindia.com/api/live-analysis-most-active-underlying,INTRADAY,Continuously changing during the applicable NSE market session,120 seconds,09:15-15:30 IST on NSE trading days,Stop polling on holidays and after close; show MARKET_CLOSED/STALE and require same trading date for LIVE,"Empty during OPEN is not usable; retry, then mark only this source PARTIAL/QUARANTINED",INDEPENDENT_SOURCE_JOB,120 seconds while eligible OPEN/PRE_OPEN session,PROVISIONAL_UNVERIFIED_NEEDS_OFFICIAL_WEB_CHECK,TO BE FILLED BY REVIEWER,,
71,nse_oi_spurts_contracts,NSE OI Spurts Contract-wise,https://www.nseindia.com/api/live-analysis-oi-spurts-contracts,2,https://www.nseindia.com/api/live-analysis-oi-spurts-contracts | https://www.nseindia.com/market-data/oi-spurts,INTRADAY,Continuously changing during the applicable NSE market session,120 seconds,09:15-15:30 IST on NSE trading days,Stop polling on holidays and after close; show MARKET_CLOSED/STALE and require same trading date for LIVE,"Empty during OPEN is not usable; retry, then mark only this source PARTIAL/QUARANTINED",INDEPENDENT_SOURCE_JOB,NOT IN CURRENT 10-SOURCE LIVE-PANEL SCHEDULER,PROVISIONAL_UNVERIFIED_NEEDS_OFFICIAL_WEB_CHECK,TO BE FILLED BY REVIEWER,,
72,nse_oi_spurts,NSE OI Spurts Underlying-wise,https://www.nseindia.com/api/live-analysis-oi-spurts-underlyings,1,https://www.nseindia.com/api/live-analysis-oi-spurts-underlyings,INTRADAY,Continuously changing during the applicable NSE market session,120 seconds,09:15-15:30 IST on NSE trading days,Stop polling on holidays and after close; show MARKET_CLOSED/STALE and require same trading date for LIVE,"Empty during OPEN is not usable; retry, then mark only this source PARTIAL/QUARANTINED",INDEPENDENT_SOURCE_JOB,120 seconds while eligible OPEN/PRE_OPEN session,PROVISIONAL_UNVERIFIED_NEEDS_OFFICIAL_WEB_CHECK,TO BE FILLED BY REVIEWER,,
73,nse_variations_gainers,NSE Market Variations (Top Gainers),https://www.nseindia.com/api/live-analysis-variations?index=gainers,1,https://www.nseindia.com/api/live-analysis-variations?index=gainers,INTRADAY,Continuously changing during the applicable NSE market session,120 seconds,09:15-15:30 IST on NSE trading days,Stop polling on holidays and after close; show MARKET_CLOSED/STALE and require same trading date for LIVE,"Empty during OPEN is not usable; retry, then mark only this source PARTIAL/QUARANTINED",NSE_VARIATIONS_SESSION_POOL,120 seconds while eligible OPEN/PRE_OPEN session,PROVISIONAL_UNVERIFIED_NEEDS_OFFICIAL_WEB_CHECK,TO BE FILLED BY REVIEWER,,
74,nse_variations_loosers,NSE Market Variations (Top Losers),https://www.nseindia.com/api/live-analysis-variations?index=loosers,1,https://www.nseindia.com/api/live-analysis-variations?index=loosers,INTRADAY,Continuously changing during the applicable NSE market session,120 seconds,09:15-15:30 IST on NSE trading days,Stop polling on holidays and after close; show MARKET_CLOSED/STALE and require same trading date for LIVE,"Empty during OPEN is not usable; retry, then mark only this source PARTIAL/QUARANTINED",NSE_VARIATIONS_SESSION_POOL,120 seconds while eligible OPEN/PRE_OPEN session,PROVISIONAL_UNVERIFIED_NEEDS_OFFICIAL_WEB_CHECK,TO BE FILLED BY REVIEWER,,
75,nse_volume_gainers,NSE Live Volume Gainers,https://www.nseindia.com/api/live-analysis-volume-gainers,1,https://www.nseindia.com/api/live-analysis-volume-gainers,INTRADAY,Continuously changing during the applicable NSE market session,120 seconds,09:15-15:30 IST on NSE trading days,Stop polling on holidays and after close; show MARKET_CLOSED/STALE and require same trading date for LIVE,"Empty during OPEN is not usable; retry, then mark only this source PARTIAL/QUARANTINED",INDEPENDENT_SOURCE_JOB,120 seconds while eligible OPEN/PRE_OPEN session,PROVISIONAL_UNVERIFIED_NEEDS_OFFICIAL_WEB_CHECK,TO BE FILLED BY REVIEWER,,
76,nse_live_equity_derivatives_banknifty_fut,NSE BankNifty Index Futures Live,https://www.nseindia.com/api/liveEquity-derivatives?index=nifty_bank_fut,1,https://www.nseindia.com/api/liveEquity-derivatives?index=nifty_bank_fut,INTRADAY,Continuously changing during the applicable NSE market session,120 seconds,09:15-15:30 IST on NSE trading days,Stop polling on holidays and after close; show MARKET_CLOSED/STALE and require same trading date for LIVE,"Empty during OPEN is not usable; retry, then mark only this source PARTIAL/QUARANTINED",NSE_DERIVATIVES_SESSION_POOL,NOT IN CURRENT 10-SOURCE LIVE-PANEL SCHEDULER,PROVISIONAL_UNVERIFIED_NEEDS_OFFICIAL_WEB_CHECK,TO BE FILLED BY REVIEWER,,
77,nse_live_equity_derivatives_banknifty_opt,NSE BankNifty Index Options Live,https://www.nseindia.com/api/liveEquity-derivatives?index=nifty_bank_opt,1,https://www.nseindia.com/api/liveEquity-derivatives?index=nifty_bank_opt,INTRADAY,Continuously changing during the applicable NSE market session,120 seconds,09:15-15:30 IST on NSE trading days,Stop polling on holidays and after close; show MARKET_CLOSED/STALE and require same trading date for LIVE,"Empty during OPEN is not usable; retry, then mark only this source PARTIAL/QUARANTINED",NSE_DERIVATIVES_SESSION_POOL,NOT IN CURRENT 10-SOURCE LIVE-PANEL SCHEDULER,PROVISIONAL_UNVERIFIED_NEEDS_OFFICIAL_WEB_CHECK,TO BE FILLED BY REVIEWER,,
78,nse_live_equity_derivatives_index_fut,NSE Nifty50 Index Futures Live,https://www.nseindia.com/api/liveEquity-derivatives?index=nse50_fut,1,https://www.nseindia.com/api/liveEquity-derivatives?index=nse50_fut,INTRADAY,Continuously changing during the applicable NSE market session,120 seconds,09:15-15:30 IST on NSE trading days,Stop polling on holidays and after close; show MARKET_CLOSED/STALE and require same trading date for LIVE,"Empty during OPEN is not usable; retry, then mark only this source PARTIAL/QUARANTINED",NSE_DERIVATIVES_SESSION_POOL,NOT IN CURRENT 10-SOURCE LIVE-PANEL SCHEDULER,PROVISIONAL_UNVERIFIED_NEEDS_OFFICIAL_WEB_CHECK,TO BE FILLED BY REVIEWER,,
79,nse_live_equity_derivatives_index_opt,NSE Nifty50 Index Options Live,https://www.nseindia.com/api/liveEquity-derivatives?index=nse50_opt,1,https://www.nseindia.com/api/liveEquity-derivatives?index=nse50_opt,INTRADAY,Continuously changing during the applicable NSE market session,120 seconds,09:15-15:30 IST on NSE trading days,Stop polling on holidays and after close; show MARKET_CLOSED/STALE and require same trading date for LIVE,"Empty during OPEN is not usable; retry, then mark only this source PARTIAL/QUARANTINED",NSE_DERIVATIVES_SESSION_POOL,NOT IN CURRENT 10-SOURCE LIVE-PANEL SCHEDULER,PROVISIONAL_UNVERIFIED_NEEDS_OFFICIAL_WEB_CHECK,TO BE FILLED BY REVIEWER,,
80,nse_live_equity_derivatives_stock_fut,NSE Stock Futures Live Feed,https://www.nseindia.com/api/liveEquity-derivatives?index=stock_fut,1,https://www.nseindia.com/api/liveEquity-derivatives?index=stock_fut,INTRADAY,Continuously changing during the applicable NSE market session,120 seconds,09:15-15:30 IST on NSE trading days,Stop polling on holidays and after close; show MARKET_CLOSED/STALE and require same trading date for LIVE,"Empty during OPEN is not usable; retry, then mark only this source PARTIAL/QUARANTINED",NSE_DERIVATIVES_SESSION_POOL,NOT IN CURRENT 10-SOURCE LIVE-PANEL SCHEDULER,PROVISIONAL_UNVERIFIED_NEEDS_OFFICIAL_WEB_CHECK,TO BE FILLED BY REVIEWER,,
81,nse_live_equity_derivatives_stock_opt,NSE Stock Options Live Feed,https://www.nseindia.com/api/liveEquity-derivatives?index=stock_opt,1,https://www.nseindia.com/api/liveEquity-derivatives?index=stock_opt,INTRADAY,Continuously changing during the applicable NSE market session,120 seconds,09:15-15:30 IST on NSE trading days,Stop polling on holidays and after close; show MARKET_CLOSED/STALE and require same trading date for LIVE,"Empty during OPEN is not usable; retry, then mark only this source PARTIAL/QUARANTINED",NSE_DERIVATIVES_SESSION_POOL,NOT IN CURRENT 10-SOURCE LIVE-PANEL SCHEDULER,PROVISIONAL_UNVERIFIED_NEEDS_OFFICIAL_WEB_CHECK,TO BE FILLED BY REVIEWER,,
82,nse_preopen_fo,NSE Pre-Open Market Data (F&O),https://www.nseindia.com/api/market-data-pre-open?key=FO,1,https://www.nseindia.com/api/market-data-pre-open?key=FO,SESSION_WINDOW,Pre-open session only; exact F&O window needs official verification,60 seconds,08:55-09:16 IST on NSE trading days; verify official start/end,"Do not poll after the pre-open window; retain as session context, never ordinary LIVE evidence",Empty before official start can be valid; empty during the verified active window is PARTIAL after retries,INDEPENDENT_SOURCE_JOB,120 seconds while eligible OPEN/PRE_OPEN session,PROVISIONAL_UNVERIFIED_NEEDS_OFFICIAL_WEB_CHECK,TO BE FILLED BY REVIEWER,,
83,nse_market_turnover,NSE Segment Market Turnover,https://www.nseindia.com/api/market-turnover,1,https://www.nseindia.com/api/market-turnover,INTRADAY,Continuously changing during the applicable NSE market session,120 seconds,09:15-15:30 IST on NSE trading days,Stop polling on holidays and after close; show MARKET_CLOSED/STALE and require same trading date for LIVE,"Empty during OPEN is not usable; retry, then mark only this source PARTIAL/QUARANTINED",INDEPENDENT_SOURCE_JOB,NOT IN CURRENT 10-SOURCE LIVE-PANEL SCHEDULER,PROVISIONAL_UNVERIFIED_NEEDS_OFFICIAL_WEB_CHECK,TO BE FILLED BY REVIEWER,,
84,nse_option_chain_equity,NSE Stock Option Chain Matrix,https://www.nseindia.com/api/option-chain-equities?symbol=%7Bsymbol%7D,1,https://www.nseindia.com/api/option-chain-equities?symbol=%7Bsymbol%7D,INTRADAY,Continuously changing during the applicable NSE market session,120 seconds,09:15-15:30 IST on NSE trading days,Stop polling on holidays and after close; show MARKET_CLOSED/STALE and require same trading date for LIVE,"Empty during OPEN is not usable; retry, then mark only this source PARTIAL/QUARANTINED",INDEPENDENT_SOURCE_JOB,NOT IN CURRENT 10-SOURCE LIVE-PANEL SCHEDULER,PROVISIONAL_UNVERIFIED_NEEDS_OFFICIAL_WEB_CHECK,TO BE FILLED BY REVIEWER,,
85,nse_asm,NSE Long-Term Additional Surveillance Measure (ASM),https://www.nseindia.com/api/reportASM,2,https://www.nseindia.com/api/reportASM | https://www.nseindia.com/regulations/additional-surveillance-measure,DAILY_OR_CHANGE_DETECT,Daily or irregular reference update; exact publisher cadence must be verified per row,Daily; use conditional hash and one retry window,06:00-08:30 and 16:00-19:00 IST on NSE trading days,Run change-detection even on holidays where the publisher can revise reference data; do not claim a new trading day,Empty is not a successful refresh unless the publisher explicitly defines a valid-empty response,INDEPENDENT_SOURCE_JOB,NOT IN CURRENT 10-SOURCE LIVE-PANEL SCHEDULER,PROVISIONAL_UNVERIFIED_NEEDS_OFFICIAL_WEB_CHECK,TO BE FILLED BY REVIEWER,,
86,nse_gsm,NSE Graded Surveillance Measure (GSM),https://www.nseindia.com/api/reportGSM,2,https://www.nseindia.com/api/reportGSM | https://www.nseindia.com/static/regulations/graded-surveillance-measure,DAILY_OR_CHANGE_DETECT,Daily or irregular reference update; exact publisher cadence must be verified per row,Daily; use conditional hash and one retry window,06:00-08:30 and 16:00-19:00 IST on NSE trading days,Run change-detection even on holidays where the publisher can revise reference data; do not claim a new trading day,Empty is not a successful refresh unless the publisher explicitly defines a valid-empty response,INDEPENDENT_SOURCE_JOB,NOT IN CURRENT 10-SOURCE LIVE-PANEL SCHEDULER,PROVISIONAL_UNVERIFIED_NEEDS_OFFICIAL_WEB_CHECK,TO BE FILLED BY REVIEWER,,
87,nse_large_deals_snapshot,NSE Large Deals Live Snapshot,https://www.nseindia.com/api/snapshot-capital-market-largedeal,1,https://www.nseindia.com/api/snapshot-capital-market-largedeal,INTRADAY,Continuously changing during the applicable NSE market session,120 seconds,09:15-15:30 IST on NSE trading days,Stop polling on holidays and after close; show MARKET_CLOSED/STALE and require same trading date for LIVE,"Empty during OPEN is not usable; retry, then mark only this source PARTIAL/QUARANTINED",INDEPENDENT_SOURCE_JOB,120 seconds while eligible OPEN/PRE_OPEN session,PROVISIONAL_UNVERIFIED_NEEDS_OFFICIAL_WEB_CHECK,TO BE FILLED BY REVIEWER,,
106,nse_trade_to_trade,NSE Trade-for-Trade Delivery-Only List,https://www.nseindia.com/all-reports,1,https://www.nseindia.com/all-reports,DAILY_EOD,One official dataset per exchange trading day after market close,15 minutes during release window; stop after same-day file is captured,15:45-22:00 IST on exchange trading days,On holidays/weekends expect the last trading-day file and do not relabel it as today's data,Missing/empty before the release cutoff is WAIT; after cutoff it is MISSING/PARTIAL and must not overwrite last good data,NSE_PR_ZIP_REUSE,NOT IN CURRENT 10-SOURCE LIVE-PANEL SCHEDULER,PROVISIONAL_UNVERIFIED_NEEDS_OFFICIAL_WEB_CHECK,TO BE FILLED BY REVIEWER,,
107,kite_derivatives_contract_master,Kite Derivatives Contract & Lot-Size Reference,https://api.kite.trade/instruments,1,https://api.kite.trade/instruments,DAILY_OR_CHANGE_DETECT,Daily or irregular reference update; exact publisher cadence must be verified per row,Daily; use conditional hash and one retry window,08:15-09:00 IST daily; verify Kite's documented dump generation time,Run change-detection even on holidays where the publisher can revise reference data; do not claim a new trading day,Empty is not a successful refresh unless the publisher explicitly defines a valid-empty response,INDEPENDENT_SOURCE_JOB,NOT IN CURRENT 10-SOURCE LIVE-PANEL SCHEDULER,PROVISIONAL_UNVERIFIED_NEEDS_OFFICIAL_WEB_CHECK,TO BE FILLED BY REVIEWER,,
108,nse_board_meetings,NSE Results & Board-Meeting Calendar,https://www.nseindia.com/api/corporate-board-meetings?index=equities,1,https://www.nseindia.com/api/corporate-board-meetings?index=equities,EVENT_DRIVEN,Published when a company files; can arrive during or after market hours,10 minutes,08:00-23:30 IST daily,Continue on weekends/holidays at reduced cadence because corporate filings can still appear,No new filings is valid only when schema/date filters are valid; do not erase prior populated history,INDEPENDENT_SOURCE_JOB,NOT IN CURRENT 10-SOURCE LIVE-PANEL SCHEDULER,PROVISIONAL_UNVERIFIED_NEEDS_OFFICIAL_WEB_CHECK,TO BE FILLED BY REVIEWER,,
109,nse_most_active_futures,NSE Most-Active Futures Contracts,https://www.nseindia.com/api/snapshot-derivatives-equity?index=futures,1,https://www.nseindia.com/api/snapshot-derivatives-equity?index=futures,INTRADAY,Continuously changing during the applicable NSE market session,120 seconds,09:15-15:30 IST on NSE trading days,Stop polling on holidays and after close; show MARKET_CLOSED/STALE and require same trading date for LIVE,"Empty during OPEN is not usable; retry, then mark only this source PARTIAL/QUARANTINED",NSE_DERIVATIVES_SNAPSHOT_POOL,NOT IN CURRENT 10-SOURCE LIVE-PANEL SCHEDULER,PROVISIONAL_UNVERIFIED_NEEDS_OFFICIAL_WEB_CHECK,TO BE FILLED BY REVIEWER,,
110,nse_most_active_options,NSE Most-Active Options Contracts,https://www.nseindia.com/api/snapshot-derivatives-equity?index=options,1,https://www.nseindia.com/api/snapshot-derivatives-equity?index=options,INTRADAY,Continuously changing during the applicable NSE market session,120 seconds,09:15-15:30 IST on NSE trading days,Stop polling on holidays and after close; show MARKET_CLOSED/STALE and require same trading date for LIVE,"Empty during OPEN is not usable; retry, then mark only this source PARTIAL/QUARANTINED",NSE_DERIVATIVES_SNAPSHOT_POOL,NOT IN CURRENT 10-SOURCE LIVE-PANEL SCHEDULER,PROVISIONAL_UNVERIFIED_NEEDS_OFFICIAL_WEB_CHECK,TO BE FILLED BY REVIEWER,,
111,nse_ipo_issue_calendar,NSE IPO Issue Calendar,https://www.nseindia.com/api/ipo-current-issue,1,https://www.nseindia.com/api/ipo-current-issue,EVENT_DRIVEN_SLOW,Published on filing/list update events rather than every market tick,30 minutes,08:00-23:30 IST daily,Use 2-hour polling on weekends/holidays unless an active offer/issue requires the normal interval,Valid-empty is allowed only with correct response schema/date; never convert empty into fresh evidence,INDEPENDENT_SOURCE_JOB,NOT IN CURRENT 10-SOURCE LIVE-PANEL SCHEDULER,PROVISIONAL_UNVERIFIED_NEEDS_OFFICIAL_WEB_CHECK,TO BE FILLED BY REVIEWER,,
112,nse_pr_market_snapshot,NSE PR Market Snapshot,https://www.nseindia.com/all-reports,1,https://www.nseindia.com/all-reports,DAILY_EOD,One official dataset per exchange trading day after market close,15 minutes during release window; stop after same-day file is captured,15:45-22:00 IST on exchange trading days,On holidays/weekends expect the last trading-day file and do not relabel it as today's data,Missing/empty before the release cutoff is WAIT; after cutoff it is MISSING/PARTIAL and must not overwrite last good data,NSE_PR_ZIP_REUSE,NOT IN CURRENT 10-SOURCE LIVE-PANEL SCHEDULER,PROVISIONAL_UNVERIFIED_NEEDS_OFFICIAL_WEB_CHECK,TO BE FILLED BY REVIEWER,,
70,nse_fno_ban,NSE F&O Ban List (secban),https://nsearchives.nseindia.com/content/fo/fo_secban.csv,1,https://nsearchives.nseindia.com/content/fo/fo_secban.csv | https://archives.nseindia.com/archives/fo/sec_ban/fo_secban_{ddmmyyyy}.csv,DAILY_EOD,Published each trading day for F&O ban membership,15 minutes during release window; stop after same-day file is captured,15:45-22:00 IST on exchange trading days,On holidays/weekends keep last trading-day ban list,Empty ban list is VALID_EMPTY (no stocks banned),NSE_FO_BAN,NOT IN CURRENT 10-SOURCE LIVE-PANEL SCHEDULER,PROVISIONAL_UNVERIFIED_NEEDS_OFFICIAL_WEB_CHECK,,,Phase-1 from 30-link pack; parser parse_nse_fno_ban already exists
71,nse_participant_oi,NSE Participant-wise F&O Open Interest,https://archives.nseindia.com/content/nsccl/fao_participant_oi_{ddmmyyyy}.csv,1,https://archives.nseindia.com/content/nsccl/fao_participant_oi_{ddmmyyyy}.csv | https://nsearchives.nseindia.com/content/nsccl/fao_participant_oi_{ddmmyyyy}.csv,DAILY_EOD,One participant OI file per trading day after close,15 minutes during release window; stop after same-day file is captured,15:45-22:00 IST on exchange trading days,On holidays keep last trading-day file,Missing before cutoff is WAIT; after cutoff MISSING without last-good overwrite,NSE_PARTICIPANT_OI,NOT IN CURRENT 10-SOURCE LIVE-PANEL SCHEDULER,PROVISIONAL_UNVERIFIED_NEEDS_OFFICIAL_WEB_CHECK,,,Phase-1; direct archive may 404 on some days — last-good retained
72,amfi_nav,AMFI NAV All (daily scheme NAVs),https://www.amfiindia.com/spages/NAVAll.txt,1,https://www.amfiindia.com/spages/NAVAll.txt,DAILY_EOD,Daily NAV file after market day processing,30 minutes after 21:00 IST until captured,21:00-23:59 IST daily,Weekends may still publish; keep last good,Empty body is INVALID; do not overwrite last good,AMFI_NAV,NOT IN CURRENT 10-SOURCE LIVE-PANEL SCHEDULER,PROVISIONAL_UNVERIFIED_NEEDS_OFFICIAL_WEB_CHECK,,,Phase-1; parser parse_amfi_nav exists
73,nse_mto_delivery,NSE MTO Security-wise Delivery Position,https://archives.nseindia.com/archives/equities/mto/MTO_{ddmmyyyy}.DAT,1,https://archives.nseindia.com/archives/equities/mto/MTO_{ddmmyyyy}.DAT,DAILY_EOD,After cash market close each trading day,15 minutes during release window; stop after same-day file is captured,16:00-22:00 IST on exchange trading days,Weekends/holidays use last trading day,Missing before cutoff WAIT; after cutoff do not wipe last good,NSE_MTO_DELIVERY,NOT IN CURRENT 10-SOURCE LIVE-PANEL SCHEDULER,PROVISIONAL_UNVERIFIED_NEEDS_OFFICIAL_WEB_CHECK,,,Phase-1 from 30-link pack; stock delivery% for screener
74,nse_short_selling,NSE Daily Short Selling Disclosure,https://archives.nseindia.com/archives/equities/shortSelling/shortselling_{ddmmyyyy}.csv,1,https://archives.nseindia.com/archives/equities/shortSelling/shortselling_{ddmmyyyy}.csv,DAILY_EOD,Daily short-selling disclosure after session,15 minutes during release window; stop after same-day file is captured,16:00-22:00 IST on exchange trading days,Weekends/holidays use last trading day,Empty is VALID_EMPTY only when schema ok; keep last good,NSE_SHORT_SELLING,NOT IN CURRENT 10-SOURCE LIVE-PANEL SCHEDULER,PROVISIONAL_UNVERIFIED_NEEDS_OFFICIAL_WEB_CHECK,,,Phase-1; lowercase filename required
75,nse_preopen_cash,NSE Cash Pre-Open Market (IEP),https://www.nseindia.com/api/market-data-pre-open?key=ALL,1,https://www.nseindia.com/api/market-data-pre-open?key=ALL | https://www.nseindia.com/api/market-data-pre-open?key=NIFTY,SESSION_WINDOW,Pre-open 09:00-09:08 IST; payload often remains available through day,2 minutes during 08:55-09:15 IST; 30 minutes after,08:55-15:30 IST on exchange trading days,Suppress on closed days,Empty outside window WAIT; do not invent IEP,NSE_PREOPEN_CASH,NOT IN CURRENT 10-SOURCE LIVE-PANEL SCHEDULER,PROVISIONAL_UNVERIFIED_NEEDS_OFFICIAL_WEB_CHECK,,,Distinct from nse_preopen_fo already in registry
76,bse_fo_bhavcopy,BSE Derivatives F&O Bhavcopy,https://www.bseindia.com/download/BhavCopy/Derivative/BhavCopy_BSE_FO_0_0_0_{yyyymmdd}_F_0000.CSV,1,https://www.bseindia.com/download/BhavCopy/Derivative/BhavCopy_BSE_FO_0_0_0_{yyyymmdd}_F_0000.CSV,DAILY_EOD,One FO bhav file per trading day after close,15 minutes during release window; stop after same-day file is captured,16:00-22:00 IST on exchange trading days,Weekends/holidays use last trading day,Missing before cutoff WAIT; after cutoff no last-good wipe,BSE_FO_BHAVCOPY,NOT IN CURRENT 10-SOURCE LIVE-PANEL SCHEDULER,PROVISIONAL_UNVERIFIED_NEEDS_OFFICIAL_WEB_CHECK,,,New unified FO CSV; not cash bhav
77,bse_insider_trading,BSE Insider Trading Disclosures,https://api.bseindia.com/BseIndiaAPI/api/getCorp_Regulation_ng/w?Isdefault=1,1,https://api.bseindia.com/BseIndiaAPI/api/getCorp_Regulation_ng/w?Isdefault=1 | https://api.bseindia.com/BseIndiaAPI/api/InsiderTrade15/w,EVENT_DRIVEN,Published when insiders file under SEBI PIT rules,30 minutes during market hours,08:00-23:30 IST daily,Continue reduced cadence on closed days (filings can arrive),Empty Table is VALID_EMPTY for the query window; keep last good,BSE_INSIDER,NOT IN CURRENT 10-SOURCE LIVE-PANEL SCHEDULER,PROVISIONAL_UNVERIFIED_NEEDS_OFFICIAL_WEB_CHECK,,,Phase-2 from 30-pack
78,nse_option_chain_nifty,NSE Nifty Option Chain,https://www.nseindia.com/api/option-chain-equities?symbol=NIFTY,1,https://www.nseindia.com/api/option-chain-equities?symbol=NIFTY | https://www.nseindia.com/api/option-chain-contract-info?symbol=NIFTY,INTRADAY,Live during market hours,3 minutes during market hours,09:00-15:45 IST on exchange trading days,Suppress on closed days,Empty {} is WAIT during open; keep last good after close,NSE_INDEX_OPTION_CHAIN,NOT IN CURRENT 10-SOURCE LIVE-PANEL SCHEDULER,PROVISIONAL_UNVERIFIED_NEEDS_OFFICIAL_WEB_CHECK,,,Phase-2; v3 Indices with explicit expiry is a later enhancement
79,nse_option_chain_banknifty,NSE BankNifty Option Chain,https://www.nseindia.com/api/option-chain-equities?symbol=BANKNIFTY,1,https://www.nseindia.com/api/option-chain-equities?symbol=BANKNIFTY | https://www.nseindia.com/api/option-chain-contract-info?symbol=BANKNIFTY,INTRADAY,Live during market hours,3 minutes during market hours,09:00-15:45 IST on exchange trading days,Suppress on closed days,Empty {} is WAIT during open; keep last good after close,NSE_INDEX_OPTION_CHAIN,NOT IN CURRENT 10-SOURCE LIVE-PANEL SCHEDULER,PROVISIONAL_UNVERIFIED_NEEDS_OFFICIAL_WEB_CHECK,,,Phase-2
80,lbma_gold_silver_fix,LBMA Gold/Silver Fix JSON,https://prices.lbma.org.uk/json/gold_pm.json,1,https://prices.lbma.org.uk/json/gold_pm.json | https://prices.lbma.org.uk/json/gold_am.json | https://prices.lbma.org.uk/json/silver.json,DAILY_EOD,Daily LBMA fixings,60 minutes,00:00-23:59 IST daily,Continue daily; weekends may hold last fix,Empty body INVALID; keep last good,LBMA_FIX,NOT IN CURRENT 10-SOURCE LIVE-PANEL SCHEDULER,PROVISIONAL_UNVERIFIED_NEEDS_OFFICIAL_WEB_CHECK,,,"Phase-2; private research OK, commercial redistribute may need licence"
81,eia_natgas_storage,EIA Weekly Natural Gas Storage (wngsr.csv),https://ir.eia.gov/ngs/wngsr.csv,1,https://ir.eia.gov/ngs/wngsr.csv,WEEKLY_RELEASE,Usually Thursday US (evening IST),60 minutes on release day after 20:00 IST,00:00-23:59 IST daily,Weekly schedule; keep last good between releases,Empty INVALID; keep last good,EIA_NATGAS,NOT IN CURRENT 10-SOURCE LIVE-PANEL SCHEDULER,PROVISIONAL_UNVERIFIED_NEEDS_OFFICIAL_WEB_CHECK,,,Phase-2; distinct from petroleum stocks
82,usda_wasde_cornell,USDA WASDE Official XML,https://esmis.nal.usda.gov/api/v1/release/findByIdentifier/WASDE,4,https://esmis.nal.usda.gov/api/v1/release/findByIdentifier/WASDE | https://esmis.nal.usda.gov/sites/default/release-files/{release_id}/wasdeMMYY.xml | https://www.usda.gov/oce/commodity/wasde/wasdeMMYY.xml | https://usda.library.cornell.edu/concern/publications/3t945q76s?locale=en,WEEKLY_RELEASE,Official WASDE release is monthly,1 day,00:00-23:59 IST daily,On non-release days retain the latest dated monthly report,Missing discovery/empty XML/no populated cell values is WAIT; never overwrite last populated snapshot,USDA_ESMIS_XML_FALLBACK,NOT IN CURRENT 10-SOURCE LIVE-PANEL SCHEDULER,PROVISIONAL_UNVERIFIED_NEEDS_OFFICIAL_WEB_CHECK,https://esmis.nal.usda.gov/api/v1/release/findByIdentifier/WASDE,,Enhanced existing key: ESMIS discovery then official XML then direct month walk-back then Cornell text; attribute values parsed; commodity context only and zero-score
83,nse_fii_derivatives_stats,NSE FII Derivatives Statistics XLS,https://archives.nseindia.com/content/fo/fii_stats_{dd-Mon-YYYY}.xls,1,https://archives.nseindia.com/content/fo/fii_stats_{dd-Mon-YYYY}.xls,DAILY_EOD,After market close each trading day,15 minutes during release window,16:00-22:00 IST on exchange trading days,Use last trading day on holidays,Missing WAIT; XLS binary may WAIT_SCHEMA without xlrd,NSE_FII_FO_STATS,NOT IN CURRENT 10-SOURCE LIVE-PANEL SCHEDULER,PROVISIONAL_UNVERIFIED_NEEDS_OFFICIAL_WEB_CHECK,,,Phase-2; full XLS parse needs xlrd later
84,rbi_fbil_usdinr,RBI/FBIL USDINR Reference (form POST),https://www.rbi.org.in/scripts/ReferenceRateArchive.aspx,1,https://www.rbi.org.in/scripts/ReferenceRateArchive.aspx,DAILY_EOD,Business days ~13:30 IST,60 minutes after 13:30 IST,13:30-22:00 IST on business days,Keep last good on holidays,Form shell without rates is WAIT; keep last good,RBI_USDINR,NOT IN CURRENT 10-SOURCE LIVE-PANEL SCHEDULER,PROVISIONAL_UNVERIFIED_NEEDS_OFFICIAL_WEB_CHECK,,,Phase-3 multi-step form POST
85,nse_index_option_chain_v3,NSE Index Option Chain v3 (NIFTY nearest expiry),https://www.nseindia.com/api/option-chain-v3?type=Indices&symbol=NIFTY,1,https://www.nseindia.com/api/option-chain-contract-info?symbol=NIFTY | https://www.nseindia.com/api/option-chain-v3?type=Indices&symbol=NIFTY,INTRADAY,Live during market hours,3 minutes during market hours,09:00-15:45 IST on exchange trading days,Suppress on closed days,Empty {} WAIT during open,NSE_INDEX_OPTION_CHAIN_V3,NOT IN CURRENT 10-SOURCE LIVE-PANEL SCHEDULER,PROVISIONAL_UNVERIFIED_NEEDS_OFFICIAL_WEB_CHECK,,,Phase-3 multi-step cookie + expiry resolve
86,cdsl_fpi_fortnightly,CDSL FPI Fortnightly Sector AUC,https://www.cdslindia.com/publications/FII/FortnightlySecWisePages/,1,https://www.cdslindia.com/publications/FII/FortnightlySecWisePages/,FORTNIGHTLY_RELEASE,Fortnightly FPI sector AUC,1 day,00:00-23:59 IST daily,Keep last good between releases,Missing WAIT; keep last good,CDSL_FPI,NOT IN CURRENT 10-SOURCE LIVE-PANEL SCHEDULER,PROVISIONAL_UNVERIFIED_NEEDS_OFFICIAL_WEB_CHECK,,,Phase-3; parser already existed
87,dgcis_trade_data,DGCIS Commodity Import TradeStat,https://tradestat.commerce.gov.in/eidb/icntcomq.asp,1,https://tradestat.commerce.gov.in/eidb/icntcomq.asp,WEEKLY_RELEASE,Monthly / on-demand TradeStat extracts,1 day,00:00-23:59 IST daily,Keep last good,Form failure WAIT; keep last good,DGCIS_IMPORTS,NOT IN CURRENT 10-SOURCE LIVE-PANEL SCHEDULER,PROVISIONAL_UNVERIFIED_NEEDS_OFFICIAL_WEB_CHECK,,,Phase-3 multi-step CSRF form; site layout may change
88,yahoo_cme_proxy,Yahoo CME futures proxy OHLC,https://query1.finance.yahoo.com/v8/finance/chart/GC=F,1,https://query1.finance.yahoo.com/v8/finance/chart/GC=F,INTRADAY,As published by source,15 minutes during active windows,00:00-23:59 IST daily,Keep last good when unavailable,Empty WAIT; keep last good; never invent rows,YAHOO_CME_PROXY,NOT IN CURRENT 10-SOURCE LIVE-PANEL SCHEDULER,PROVISIONAL_UNVERIFIED_NEEDS_OFFICIAL_WEB_CHECK,,,Finish set for 30-pack remaining
89,yahoo_lme_proxy,Yahoo LME/base-metal futures proxy OHLC,https://query1.finance.yahoo.com/v8/finance/chart/ALI=F,1,https://query1.finance.yahoo.com/v8/finance/chart/ALI=F,INTRADAY,As published by source,15 minutes during active windows,00:00-23:59 IST daily,Keep last good when unavailable,Empty WAIT; keep last good; never invent rows,YAHOO_LME_PROXY,NOT IN CURRENT 10-SOURCE LIVE-PANEL SCHEDULER,PROVISIONAL_UNVERIFIED_NEEDS_OFFICIAL_WEB_CHECK,,,Finish set for 30-pack remaining
90,mcx_market_watch,MCX Market Watch (backpage JSON),https://www.mcxindia.com/backpage.aspx/GetMarketWatch,1,https://www.mcxindia.com/backpage.aspx/GetMarketWatch,INTRADAY,As published by source,15 minutes during active windows,00:00-23:59 IST daily,Keep last good when unavailable,Empty WAIT; keep last good; never invent rows,MCX_MARKET_WATCH,NOT IN CURRENT 10-SOURCE LIVE-PANEL SCHEDULER,PROVISIONAL_UNVERIFIED_NEEDS_OFFICIAL_WEB_CHECK,,,Finish set for 30-pack remaining
91,mcx_option_chain,MCX Option Chain GOLD,https://www.mcxindia.com/backpage.aspx/GetOptionChain,1,https://www.mcxindia.com/backpage.aspx/GetOptionChain,INTRADAY,As published by source,15 minutes during active windows,00:00-23:59 IST daily,Keep last good when unavailable,Empty WAIT; keep last good; never invent rows,MCX_OPTION_CHAIN,NOT IN CURRENT 10-SOURCE LIVE-PANEL SCHEDULER,PROVISIONAL_UNVERIFIED_NEEDS_OFFICIAL_WEB_CHECK,,,Finish set for 30-pack remaining
92,mcx_top_participants,MCX Top Participants / Market-wide OI,https://www.mcxindia.com/market-data/top-participants,1,https://www.mcxindia.com/market-data/top-participants,DAILY_EOD,As published by source,15 minutes during active windows,00:00-23:59 IST daily,Keep last good when unavailable,Empty WAIT; keep last good; never invent rows,MCX_TOP_PARTICIPANTS,NOT IN CURRENT 10-SOURCE LIVE-PANEL SCHEDULER,PROVISIONAL_UNVERIFIED_NEEDS_OFFICIAL_WEB_CHECK,,,Finish set for 30-pack remaining
93,mcx_warehouse_stocks,MCX Warehouse / delivery proxy,https://www.mcxindia.com/market-operations/clearing-settlement/delivery-reports,1,https://www.mcxindia.com/market-operations/clearing-settlement/delivery-reports,DAILY_EOD,As published by source,15 minutes during active windows,00:00-23:59 IST daily,Keep last good when unavailable,Empty WAIT; keep last good; never invent rows,MCX_WAREHOUSE_STOCKS,NOT IN CURRENT 10-SOURCE LIVE-PANEL SCHEDULER,PROVISIONAL_UNVERIFIED_NEEDS_OFFICIAL_WEB_CHECK,,,Finish set for 30-pack remaining
94,mcx_delivery_reports,MCX Delivery Reports,https://www.mcxindia.com/market-operations/clearing-settlement/delivery-reports,1,https://www.mcxindia.com/market-operations/clearing-settlement/delivery-reports,DAILY_EOD,As published by source,15 minutes during active windows,00:00-23:59 IST daily,Keep last good when unavailable,Empty WAIT; keep last good; never invent rows,MCX_DELIVERY_REPORTS,NOT IN CURRENT 10-SOURCE LIVE-PANEL SCHEDULER,PROVISIONAL_UNVERIFIED_NEEDS_OFFICIAL_WEB_CHECK,,,Finish set for 30-pack remaining
95,ncdex_bhavcopy,NCDEX live futures / bhav page,https://www.ncdex.com/market-data/live-futures-prices,1,https://www.ncdex.com/market-data/live-futures-prices,DAILY_EOD,As published by source,15 minutes during active windows,00:00-23:59 IST daily,Keep last good when unavailable,Empty WAIT; keep last good; never invent rows,NCDEX_BHAVCOPY,NOT IN CURRENT 10-SOURCE LIVE-PANEL SCHEDULER,PROVISIONAL_UNVERIFIED_NEEDS_OFFICIAL_WEB_CHECK,,,Finish set for 30-pack remaining
96,amfi_portfolio_disclosure,AMFI Portfolio Disclosure directory,https://www.amfiindia.com/online-center/portfolio-disclosure,1,https://www.amfiindia.com/online-center/portfolio-disclosure,WEEKLY_RELEASE,As published by source,15 minutes during active windows,00:00-23:59 IST daily,Keep last good when unavailable,Empty WAIT; keep last good; never invent rows,AMFI_PORTFOLIO_DISCLOSURE,NOT IN CURRENT 10-SOURCE LIVE-PANEL SCHEDULER,PROVISIONAL_UNVERIFIED_NEEDS_OFFICIAL_WEB_CHECK,,,Finish set for 30-pack remaining
97,nse_bulk_deals_today_csv,NSE Bulk Deals Daily CSV,https://archives.nseindia.com/content/equities/bulk.csv,1,https://archives.nseindia.com/content/equities/bulk.csv,DAILY_EOD,As published by source,15 minutes during active windows,00:00-23:59 IST daily,Keep last good when unavailable,Empty WAIT; keep last good; never invent rows,NSE_BULK_DEALS_TODAY_CSV,NOT IN CURRENT 10-SOURCE LIVE-PANEL SCHEDULER,PROVISIONAL_UNVERIFIED_NEEDS_OFFICIAL_WEB_CHECK,,,Finish set for 30-pack remaining
98,nse_bulk_deal_symbol,NSE Bulk Deal Archives by Symbol (RELIANCE sample),https://www.nseindia.com/api/bulk-deal-archives?symbol=RELIANCE,1,https://www.nseindia.com/api/bulk-deal-archives?symbol=RELIANCE,EVENT_DRIVEN,As published by source,15 minutes during active windows,00:00-23:59 IST daily,Keep last good when unavailable,Empty WAIT; keep last good; never invent rows,NSE_BULK_DEAL_SYMBOL,NOT IN CURRENT 10-SOURCE LIVE-PANEL SCHEDULER,PROVISIONAL_UNVERIFIED_NEEDS_OFFICIAL_WEB_CHECK,,,Finish set for 30-pack remaining
99,nse_quote_equity_trade_info,NSE Equity Trade Info delivery (RELIANCE sample),https://www.nseindia.com/api/quote-equity?symbol=RELIANCE&section=trade_info,1,https://www.nseindia.com/api/quote-equity?symbol=RELIANCE&section=trade_info,INTRADAY,As published by source,15 minutes during active windows,00:00-23:59 IST daily,Keep last good when unavailable,Empty WAIT; keep last good; never invent rows,NSE_QUOTE_EQUITY_TRADE_INFO,NOT IN CURRENT 10-SOURCE LIVE-PANEL SCHEDULER,PROVISIONAL_UNVERIFIED_NEEDS_OFFICIAL_WEB_CHECK,,,Finish set for 30-pack remaining
113,bse_fii_dii,BSE FII / DII Category Turnover,https://api.bseindia.com/BseIndiaAPI/api/CategoryTurnover/w,1,https://api.bseindia.com/BseIndiaAPI/api/CategoryTurnover/w | https://www.bseindia.com/markets/equity/EQReports/categorywise_turnover,DAILY_EOD,One official category-turnover snapshot per trading day,15 minutes during release window; stop after same-day values captured,15:45-20:00 IST on BSE trading days,On holidays/weekends expect the last trading-day values and do not relabel as today,Missing/empty before release cutoff is WAIT; after cutoff MISSING without last-good overwrite,BSE_CATEGORY_TURNOVER_FII_DII,NOT IN CURRENT 10-SOURCE LIVE-PANEL SCHEDULER,PROVISIONAL_UNVERIFIED_NEEDS_OFFICIAL_WEB_CHECK,,,Live-verified CategoryTurnover API 2026-08-10; pack FIIDII/ParticipantWiseOI endpoints dead HTML shells
114,bse_participant_oi,BSE Participant-wise Derivatives OI,https://api.bseindia.com/BseIndiaAPI/api/DeriMarketDisclosureData_ng/w,1,https://api.bseindia.com/BseIndiaAPI/api/DeriMarketDisclosureData_ng/w | https://www.bseindia.com/markets/Derivatives/DeriReports/DeriMarketDisclosures,DAILY_EOD,One participant OI disclosure snapshot per trading day,15 minutes during release window; stop after same-day values captured,15:45-22:00 IST on BSE trading days,On holidays keep last trading-day disclosure,Missing before cutoff WAIT; after cutoff no last-good wipe,BSE_DERI_MARKET_DISCLOSURE_OI,NOT IN CURRENT 10-SOURCE LIVE-PANEL SCHEDULER,PROVISIONAL_UNVERIFIED_NEEDS_OFFICIAL_WEB_CHECK,,,Live-verified DeriMarketDisclosureData_ng 2026-08-10; pack ParticipantWiseOI/w dead HTML shell
115,tradingeconomics_bdi,Trading Economics Baltic Dry Index,https://tradingeconomics.com/commodity/baltic,1,https://tradingeconomics.com/commodity/baltic,DAILY_EOD,Third-party Baltic Dry Index page normally updates on Baltic business days,60 minutes during publication window,08:00-23:59 IST daily,On holidays/weekends retain the latest dated observation and mark it non-current,Empty/missing BDI row is WAIT; never overwrite the last populated snapshot,TRADINGECONOMICS_BDI_HTML,NOT IN CURRENT 10-SOURCE LIVE-PANEL SCHEDULER,PROVISIONAL_UNVERIFIED_NEEDS_OFFICIAL_WEB_CHECK,https://tradingeconomics.com/commodity/baltic,,Third-party approved 2026-08-10; informational market-regime context only; never a stock vote or score term
116,yahoo_bdry_shipping_proxy,Yahoo BDRY Shipping ETF Proxy,https://query1.finance.yahoo.com/v8/finance/chart/BDRY?range=1y&interval=1d,1,https://query1.finance.yahoo.com/v8/finance/chart/BDRY?range=1y&interval=1d,DAILY_EOD,Daily BDRY ETF bars on US trading days,60 minutes during US session and after close,18:00-04:00 IST on US trading days,On US holidays/weekends retain the last dated bar and mark it non-current,Empty chart or non-BDRY symbol is WAIT; never overwrite the last populated snapshot,YAHOO_BDRY_SHIPPING_ETF_PROXY,NOT IN CURRENT 10-SOURCE LIVE-PANEL SCHEDULER,PROVISIONAL_UNVERIFIED_NEEDS_OFFICIAL_WEB_CHECK,https://finance.yahoo.com/quote/BDRY/,,Shipping ETF proxy only; never label as the Baltic Dry Index; ^BADI remains rejected
117,google_trends_india_rss,Google Trends India RSS,https://trends.google.com/trending/rss?geo=IN,1,https://trends.google.com/trending/rss?geo=IN,INTRADAY,Current aggregate India trending topics published throughout the day,30 minutes,00:00-23:59 IST daily,Continue on weekends/holidays because public interest topics still update,Invalid XML/non-RSS/zero titled items is WAIT; retain the last populated snapshot,GOOGLE_TRENDS_INDIA_RSS,NOT IN CURRENT 10-SOURCE LIVE-PANEL SCHEDULER,PROVISIONAL_UNVERIFIED_NEEDS_OFFICIAL_WEB_CHECK,https://trends.google.com/trending/rss?geo=IN,,Official aggregate current-topics RSS; not arbitrary keyword history; informational and zero-score
118,crisil_ratings,CRISIL Latest Rating Rationales,https://www.crisilratings.com/content/crisilratings/en/home/our-business/ratings/rating-rationale/_jcr_content/wrapper_100_par/ratingresultlisting.results.json,2,https://www.crisilratings.com/en/home/our-business/ratings/rating-rationale.html | https://www.crisilratings.com/content/crisilratings/en/home/our-business/ratings/rating-rationale/_jcr_content/wrapper_100_par/ratingresultlisting.results.json,EVENT_DRIVEN,Rating rationales are published when CRISIL releases a rating action,60 minutes during the publication window,08:00-23:00 IST daily,On weekends/holidays retain the latest dated rationale and do not relabel it as current,Missing/empty/invalid docs is WAIT; never overwrite the last populated snapshot,CRISIL_RATING_RATIONALES_JSON,NOT IN CURRENT 10-SOURCE LIVE-PANEL SCHEDULER,PROVISIONAL_UNVERIFIED_NEEDS_OFFICIAL_WEB_CHECK,https://www.crisilratings.com/en/home/our-business/ratings/rating-rationale.html,,Official company rating actions; companyCode is not an exchange ticker; no fuzzy mapping; informational and zero-score
119,icra_ratings,ICRA Latest Rating Rationales,https://www.icra.in/Rating/AllRatingRationales?Keyword=,2,https://www.icra.in/Rating/AllRatingRationales?Keyword= | https://www.icra.in/Rating/GetAllRatingRational,EVENT_DRIVEN,Rating rationales are published when ICRA releases a rating action,60 minutes during the publication window,08:00-23:00 IST daily,On weekends/holidays retain the latest dated rationale and do not relabel it as current,Missing CSRF/empty table/invalid dates is WAIT; never overwrite the last populated snapshot,ICRA_RATING_RATIONALES_CSRF_HTML,NOT IN CURRENT 10-SOURCE LIVE-PANEL SCHEDULER,PROVISIONAL_UNVERIFIED_NEEDS_OFFICIAL_WEB_CHECK,https://www.icra.in/Rating/AllRatingRationales?Keyword=,,Official company rating actions; shared-session CSRF POST; no fuzzy ticker mapping; informational and zero-score
120,care_ratings,CARE Latest Rating Rationales,https://www.careratings.com/find-ratings,2,https://www.careratings.com/find-ratings | https://www.careratings.com/rrcompany,EVENT_DRIVEN,Rating rationales are published when CARE releases a rating action,60 minutes during the publication window,08:00-23:00 IST daily,On weekends/holidays retain the latest dated rationale and do not relabel it as current,Missing page contract/empty data/invalid dates is WAIT; never overwrite the last populated snapshot,CARE_RATING_RATIONALES_JSON,NOT IN CURRENT 10-SOURCE LIVE-PANEL SCHEDULER,PROVISIONAL_UNVERIFIED_NEEDS_OFFICIAL_WEB_CHECK,https://www.careratings.com/find-ratings,,Official page-owned JSON; encrypted company IDs preserved; no fuzzy ticker mapping; informational and zero-score
121,google_news_rss,Google News India Equity RSS,https://news.google.com/rss/search?q=Indian%20stock%20market%20NSE%20BSE&hl=en-IN&gl=IN&ceid=IN:en,5,https://news.google.com/rss/search?q=Indian%20stock%20market%20NSE%20BSE&hl=en-IN&gl=IN&ceid=IN:en,INTRADAY,Fresh publisher headlines are added throughout the day,30 minutes,00:00-23:59 IST daily,Continue on weekends and holidays because publishers still release news,Malformed RSS/zero fresh rows/future or older than seven days is WAIT; never overwrite last populated snapshot,GOOGLE_NEWS_RSS_BUNDLE,NOT IN CURRENT 10-SOURCE LIVE-PANEL SCHEDULER,PROVISIONAL_UNVERIFIED_NEEDS_OFFICIAL_WEB_CHECK,https://news.google.com/rss/search?q=Indian%20stock%20market%20NSE%20BSE&hl=en-IN&gl=IN&ceid=IN:en,,Five bounded India-equity queries share one session; aggregated publisher context only; no fuzzy mapping; informational and zero-score
122,angelone_instrument_master,Angel One Public Instrument Master,https://margincalculator.angelone.in/OpenAPI_File/files/OpenAPIScripMaster.json,1,https://margincalculator.angelone.in/OpenAPI_File/files/OpenAPIScripMaster.json,DAILY_EOD,Public broker instrument/token master normally refreshes daily,1 day,00:00-23:59 IST daily,Retain the last populated master on holidays or delayed publication,Response below minimum size/row count or missing token/symbol/exchange schema is WAIT; never overwrite last populated snapshot,ANGELONE_PUBLIC_INSTRUMENT_MASTER,NOT IN CURRENT 10-SOURCE LIVE-PANEL SCHEDULER,PROVISIONAL_UNVERIFIED_NEEDS_OFFICIAL_WEB_CHECK,https://margincalculator.angelone.in/OpenAPI_File/files/OpenAPIScripMaster.json,,Open-source unofficial broker reference; full backend normalization but browser sample capped; catalog/parameter only and zero-score
123,dhan_instrument_master,Dhan Public Detailed Instrument Master,https://images.dhan.co/api-data/api-scrip-master-detailed.csv,1,https://images.dhan.co/api-data/api-scrip-master-detailed.csv,DAILY_EOD,Public detailed security master normally refreshes daily,1 day,00:00-23:59 IST daily,Retain the last populated master on holidays or delayed publication,Response below minimum size/row count or missing required CSV schema is WAIT; never overwrite last populated snapshot,DHAN_PUBLIC_INSTRUMENT_MASTER,NOT IN CURRENT 10-SOURCE LIVE-PANEL SCHEDULER,PROVISIONAL_UNVERIFIED_NEEDS_OFFICIAL_WEB_CHECK,https://images.dhan.co/api-data/api-scrip-master-detailed.csv,,Open-source unofficial broker reference; normalized NSE/BSE equity/derivatives and MCX active scope only; catalog/reference and zero-score
124,nse_market_status,NSE Market Session Status,https://www.nseindia.com/api/marketStatus,1,https://www.nseindia.com/api/marketStatus,INTRADAY,Official exchange session state and trade-date context changes around pre-open open and close,120 seconds,08:45-16:00 IST on NSE trading days,On holidays or weekends retain the latest state with its actual trade date and never label it live,Missing marketState rows invalid dates or non-JSON is WAIT; never overwrite last populated snapshot,NSE_SESSION_POOL,NOT IN CURRENT 10-SOURCE LIVE-PANEL SCHEDULER,PROVISIONAL_UNVERIFIED_NEEDS_OFFICIAL_WEB_CHECK,https://www.nseindia.com/api/marketStatus,,Operational session context only; zero-score and no stock mapping
125,rupeevest_mf_flows,RupeeVest Monthly Mutual-Fund Stock Flows,https://www.rupeevest.com/Mutual-Fund-Holdings,4,https://www.rupeevest.com/Mutual-Fund-Holdings | https://www.rupeevest.com/mf_stock_portfolio/get_search_data_stock | https://www.rupeevest.com/stock_price_difference/get_compare_data_stock | https://www.rupeevest.com/stock_price_difference/get_compare_data_stock_1,DAILY_OR_CHANGE_DETECT,Prior-month mutual-fund portfolio aggregates are normally updated around the 13th to 15th of the current month,1 day,00:00-23:59 IST daily,Continue daily checks across weekends during the monthly release window and retain the last dated populated result,Missing identity map missing buy or sell section invalid dates or zero equity-joinable rows is WAIT; never overwrite last populated snapshot,RUPEEVEST_PUBLIC_MF_FLOW_BUNDLE,NOT IN CURRENT 10-SOURCE LIVE-PANEL SCHEDULER,PROVISIONAL_UNVERIFIED_NEEDS_OFFICIAL_WEB_CHECK,https://www.rupeevest.com/Mutual-Fund-Holdings,,Three public JSON routes share one session; explicit symbols only; third-party monthly aggregate informational and zero-score
126,amfi_monthly_aum,AMFI Monthly Category AUM,https://www.amfiindia.com/research-information/amfi-monthly,2,https://www.amfiindia.com/research-information/amfi-monthly | https://portal.amfiindia.com/spages/am{monyyyy}repo.xls,DAILY_OR_CHANGE_DETECT,Official AMFI consolidated monthly category report normally publishes after month end,1 day,00:00-23:59 IST daily,Continue one daily change check on weekends and holidays and retain the latest reported month,Missing or invalid workbook and zero schema-valid category rows is WAIT; never overwrite the last populated month,AMFI_MONTHLY_AUM_WORKBOOK,NOT IN CURRENT 10-SOURCE LIVE-PANEL SCHEDULER,PROVISIONAL_UNVERIFIED_NEEDS_OFFICIAL_WEB_CHECK,https://www.amfiindia.com/research-information/amfi-monthly,,Official aggregate delayed mutual-fund context; cannot prove live stock buying; informational and zero-score
127,lme_warehouse_stocks,LME Price and Warehouse Context - Westmetall Fallback,https://www.westmetall.com/en/markdaten.php?action=table&field=LME_Cu_cash,3,https://www.westmetall.com/en/markdaten.php?action=table&field=LME_Cu_cash | https://www.westmetall.com/en/markdaten.php?action=table&field={metal} | https://www.lme.com/en/market-data/reports-and-data/warehouse-and-stocks-reports,DAILY_EOD_COMMODITY,Delayed LME price and aggregate warehouse-stock tables normally update on London business days,1 day,12:00-23:59 IST on London business days,On London holidays or weekends retain the latest dated observation and mark it delayed,Any missing metal table or zero schema-valid price and stock rows is WAIT; never overwrite the last populated observation,WESTMETALL_LME_SHARED_SESSION_FALLBACK,NOT IN CURRENT 10-SOURCE LIVE-PANEL SCHEDULER,PROVISIONAL_UNVERIFIED_NEEDS_OFFICIAL_WEB_CHECK,https://www.lme.com/en/market-data/reports-and-data/warehouse-and-stocks-reports,,Third-party delayed fallback until the official free delayed workbook contract is stable; not official LME evidence; informational and zero-score
128,eia_steo_opec_supply,EIA STEO OPEC and OPEC+ Supply,https://www.eia.gov/outlooks/steo/outlook.php,2,https://www.eia.gov/outlooks/steo/outlook.php | https://www.eia.gov/outlooks/steo/archives/{monyy}_base.xlsx,DAILY_OR_CHANGE_DETECT,Official EIA Short-Term Energy Outlook workbook publishes monthly,1 day,00:00-23:59 IST daily,Continue one daily change check through weekends around the monthly release window and retain the latest forecast vintage,Missing workbook invalid ZIP missing 3ctab or zero positive OPEC supply rows is WAIT; never overwrite last populated vintage,EIA_STEO_OPEC_SUPPLY_WORKBOOK,NOT IN CURRENT 10-SOURCE LIVE-PANEL SCHEDULER,PROVISIONAL_UNVERIFIED_NEEDS_OFFICIAL_WEB_CHECK,https://www.eia.gov/outlooks/steo/outlook.php,,Official supply and production context only; never relabel as quota; informational and zero-score
129,opec_production_adjustment,OPEC+ Production Adjustment Releases,https://www.opec.org/pr-detail/604-16-june-2026.html,4,https://www.opec.org/pr-detail/604-16-june-2026.html | https://www.opec.org/pr-detail/1779602-3-may-2026.html | https://www.opec.org/pr-detail/597-5-april-2026.html | https://www.opec.org/pr-detail/1619593-1-march-2026.html,EVENT_DRIVEN_SLOW,Official OPEC+ production-adjustment releases publish after participating-country meetings,1 day,00:00-23:59 IST daily,Continue one daily change check on weekends because meetings and releases can occur outside exchange sessions,Missing aggregate adjustment amount meeting date or effective month is WAIT; country quota values are never inferred,OPEC_PRODUCTION_ADJUSTMENT_RELEASE,NOT IN CURRENT 10-SOURCE LIVE-PANEL SCHEDULER,PROVISIONAL_UNVERIFIED_NEEDS_OFFICIAL_WEB_CHECK,https://www.opec.org/pr-detail/604-16-june-2026.html,,Official aggregate policy event; country table values remain unavailable unless machine-readable evidence exists; informational and zero-score
130,bse_financial_results_xbrl,BSE Financial Results XBRL Filing Index,https://api.bseindia.com/BseIndiaAPI/api/Corp_FinanceResult_ng_new/w?SCRIP_CD=&FlagDur=4&HFQ=&ISUBGROUP_CODE=&segment=C,2,https://www.bseindia.com/corporates/comp_results.aspx | https://api.bseindia.com/BseIndiaAPI/api/Corp_FinanceResult_ng_new/w?SCRIP_CD=&FlagDur=4&HFQ=&ISUBGROUP_CODE=&segment=C,EVENT_DRIVEN,Official BSE financial-result filings can publish during or after market hours,30 minutes during results season; 2 hours otherwise,08:00-23:30 IST daily,Continue reduced checks on weekends because corporate filings can arrive outside trading sessions,Wrong schema or zero dated XBRL filing rows is WAIT; never overwrite last populated index,BSE_FINANCIAL_XBRL_INDEX,NOT IN CURRENT 10-SOURCE LIVE-PANEL SCHEDULER,PROVISIONAL_UNVERIFIED_NEEDS_OFFICIAL_WEB_CHECK,https://www.bseindia.com/corporates/comp_results.aspx,,One-month market-wide filing index; linked inline-XBRL facts require bounded second-stage ingestion; informational and zero-score
131,bse_shareholding_pattern,BSE Shareholding Pattern Filing Index,https://api.bseindia.com/BseIndiaAPI/api/Corp_Shareholding_ng/w?scripcode=&flag=5&indtype=,2,https://www.bseindia.com/corporates/shareholding-pattern | https://api.bseindia.com/BseIndiaAPI/api/Corp_Shareholding_ng/w?scripcode=&flag=5&indtype=,EVENT_DRIVEN_SLOW,Official quarterly shareholding filings publish on issuer filing events,2 hours,08:00-23:30 IST daily,Continue reduced checks on weekends and retain the latest dated filing index,Wrong schema or zero dated XBRL filing rows is WAIT; never infer holding percentages from index metadata,BSE_SHAREHOLDING_XBRL_INDEX,NOT IN CURRENT 10-SOURCE LIVE-PANEL SCHEDULER,PROVISIONAL_UNVERIFIED_NEEDS_OFFICIAL_WEB_CHECK,https://www.bseindia.com/corporates/shareholding-pattern,,Three-month market-wide filing index; detail percentages require context-aware XBRL ingestion; informational and zero-score
132,rbi_tbill_yield,RBI Treasury-Bill Auction Yields,https://www.rbi.org.in/scripts/BS_PressReleaseDisplay.aspx,2,https://www.rbi.org.in/scripts/BS_PressReleaseDisplay.aspx | https://www.rbi.org.in/pressreleases_rss.xml,WEEKLY_RELEASE,Full 91/182/364-day Treasury-bill auction results normally publish weekly after auction,4 hours during expected release day; 1 day otherwise,10:00-22:00 IST on scheduled auction/result days,On holidays retain the last official auction date and never relabel it as fetched today,Missing exact release link or incomplete three-tenor table is WAIT; preserve last populated auction,RBI_TBILL_PRESS_RELEASE_DISCOVERY,NOT IN CURRENT 10-SOURCE LIVE-PANEL SCHEDULER,PROVISIONAL_UNVERIFIED_NEEDS_OFFICIAL_WEB_CHECK,https://www.rbi.org.in/scripts/BS_PressReleaseDisplay.aspx,,Official auction yield context; weekly not live; informational and zero-score
133,screener_in_fii_holding_change,Screener.in FII Holding Change,https://www.screener.in/screens/343087/fii-buying/,1,https://www.screener.in/screens/343087/fii-buying/,QUARTERLY_RELEASE,Third-party FII hold % and change update when shareholding screens refresh,1 day,00:00-23:59 IST daily,On weekends retain last populated name list and never relabel it as live FII tape,Missing table or zero name rows is WAIT; never invent tickers,SCREENER_IN_FII_HOLDING_HTML,NOT IN CURRENT 10-SOURCE LIVE-PANEL SCHEDULER,PROVISIONAL_UNVERIFIED_NEEDS_OFFICIAL_WEB_CHECK,https://www.screener.in/screens/343087/fii-buying/,,Third-party company-name FII hold-change; not official daily FII tape; informational and zero-score
134,tickertape_fii_holding_change_3m,Tickertape FII Holding Change 3M,https://api.tickertape.in/screener/query,2,https://api.tickertape.in/screener/query | https://www.tickertape.in/stocks/collections/fii-buying-stocks,QUARTERLY_RELEASE,Third-party 3-month FII holding-change screen updates with quarterly ownership,1 day,00:00-23:59 IST daily,On weekends retain last populated ticker list and never relabel it as live FII tape,Missing results or zero tickers is WAIT,TICKERTAPE_FII_HOLDING_QUERY,NOT IN CURRENT 10-SOURCE LIVE-PANEL SCHEDULER,PROVISIONAL_UNVERIFIED_NEEDS_OFFICIAL_WEB_CHECK,https://www.tickertape.in/stocks/collections/fii-buying-stocks,,Third-party ticker plus 3M FII hold change; not official daily FII tape; informational and zero-score
135,dhan_fii_holding_change,Dhan FII Holding Change,https://ow-scanx-analytics.dhan.co/customscan/fetchdt,2,https://ow-scanx-analytics.dhan.co/customscan/fetchdt | https://dhan.co/stocks/market/fii-buying-stocks/,QUARTERLY_RELEASE,Third-party FII holding-change scan updates with quarterly ownership,1 day,00:00-23:59 IST daily,On weekends retain last populated ticker list and never relabel it as live FII tape,Missing data or zero tickers is WAIT,DHAN_FII_HOLDING_CUSTOMSCAN,NOT IN CURRENT 10-SOURCE LIVE-PANEL SCHEDULER,PROVISIONAL_UNVERIFIED_NEEDS_OFFICIAL_WEB_CHECK,https://dhan.co/stocks/market/fii-buying-stocks/,,Third-party ticker plus FIIHLDChagPer; not official daily FII tape; informational and zero-score
136,equitymaster_fii_buys_reference,Equitymaster Institutional Buy Screen,https://www.equitymaster.com/stock-screener/stocks-recently-bought-by-institutional-investors,1,https://www.equitymaster.com/stock-screener/stocks-recently-bought-by-institutional-investors,QUARTERLY_RELEASE,Third-party institutional-buy HTML screen; Cloudflare may block,1 day,00:00-23:59 IST daily,On weekends or Cloudflare block retain last populated names and never relabel as live FII tape,Challenge page or empty table is WAIT; never invent tickers,EQUITYMASTER_FII_BUYS_HTML,NOT IN CURRENT 10-SOURCE LIVE-PANEL SCHEDULER,PROVISIONAL_UNVERIFIED_NEEDS_OFFICIAL_WEB_CHECK,https://www.equitymaster.com/stock-screener/stocks-recently-bought-by-institutional-investors,,Third-party name-first institutional-buy screen; not official daily FII tape; informational and zero-score
137,nse_esm,NSE Enhanced Surveillance Measure (ESM),https://www.nseindia.com/api/reportESM,2,https://www.nseindia.com/api/reportESM | https://www.nseindia.com/reports/esm,DAILY_OR_CHANGE_DETECT,Official ESM membership is reviewed weekly and can change by exchange notice,4 hours,06:00-22:00 IST daily,Keep the latest dated official list through weekends; never relabel it as same-day flow,A schema-valid empty list is VALID_EMPTY; blocked malformed or undated responses are failure,NSE_ESM_OFFICIAL_API,NOT IN CURRENT 10-SOURCE LIVE-PANEL SCHEDULER,PROVISIONAL_UNVERIFIED_NEEDS_OFFICIAL_WEB_CHECK,https://www.nseindia.com/reports/esm,,Official stock-safety restriction; never a directional vote
138,nse_price_bands,NSE Complete Price-Band Classification,https://www.nseindia.com/all-reports,2,https://www.nseindia.com/all-reports | https://nsearchives.nseindia.com/content/equities/sec_list_{ddmmyyyy}.csv,DAILY_EOD,One official complete symbol/series price-band classification per NSE trading day,30 minutes during release window,06:00-09:00 and 16:00-22:00 IST on NSE trading days,On weekends and holidays retain the latest trading-day file,Zero rows unknown bands HTML or wrong columns are failure and cannot overwrite last good,NSE_COMPLETE_PRICE_BAND_LIST,NOT IN CURRENT 10-SOURCE LIVE-PANEL SCHEDULER,PROVISIONAL_UNVERIFIED_NEEDS_OFFICIAL_WEB_CHECK,https://www.nseindia.com/all-reports,,Classification supplies band percent; exact boundary geometry requires aligned reference price and remains WAIT when unavailable
139,nse_auction_securities,NSE Periodic Call Auction Illiquid Securities,https://www.nseindia.com/static/regulations/periodic-call-auction-illiquid-securities,2,https://www.nseindia.com/static/regulations/periodic-call-auction-illiquid-securities | https://nsearchives.nseindia.com/web/mediaattachment/{yyyy-mm}/contract_mas_illiquid_sec_{date}_{timestamp}.xls,DAILY_OR_CHANGE_DETECT,Official list is normally quarterly but may be replaced by exchange notice,1 day,00:00-23:59 IST daily,Retain the latest official dated workbook until a newer publication appears,Explicit NIL under Symbol/Series is VALID_EMPTY; HTML unreadable workbook or silent zero rows are failure,NSE_PERIODIC_CALL_AUCTION_LIST,NOT IN CURRENT 10-SOURCE LIVE-PANEL SCHEDULER,PROVISIONAL_UNVERIFIED_NEEDS_OFFICIAL_WEB_CHECK,https://www.nseindia.com/static/regulations/periodic-call-auction-illiquid-securities,,Do not confuse this with settlement auction or SLB auction files
