requirement_id,source_file,source_section,requirement,status,merge_milestone,hybrid_reference,backend_module,api_route,frontend_location,test_ids,decision,reason,evidence_level,product_scope,priority,last_verified
Q5-R0,new_merge_PLAN_2026-07-18.md,24.13,Contract freeze docs only,IMPLEMENTED,Q5-R0,,docs,,,,KEEP,Q5 research/fixture ceiling,DOCUMENTED,RESEARCH,P0,2026-07-20
Q5-R1,new_merge_PLAN_2026-07-18.md,24.13,Source identity PIT four-state fixture,IMPLEMENTED,Q5-R1,,selection/contracts.py fixtures.py,GET /api/v1/selection/fixtures/q5-r1,q5-contract.js,test_q5_selection_contracts.py,KEEP,Q5 research/fixture ceiling,OBSERVED_RUNTIME,RESEARCH,P0,2026-07-20
Q5-R2,new_merge_PLAN_2026-07-18.md,24.13,Family resolver zero corroboration,IMPLEMENTED,Q5-R2,,selection/resolver.py r2_fixtures.py,GET /api/v1/selection/fixtures/q5-r2,,test_q5_family_resolver.py,KEEP,Q5 research/fixture ceiling,OBSERVED_RUNTIME,RESEARCH,P0,2026-07-20
Q5-R3,new_merge_PLAN_2026-07-18.md,24.13,Closed-bar structure EOD CONFIRMED fixture,IMPLEMENTED,Q5-R3,,selection/structure.py r3_fixtures.py,GET /api/v1/selection/fixtures/q5-r3,,test_q5_closed_bar_structure.py,KEEP,Q5 research/fixture ceiling,OBSERVED_RUNTIME,RESEARCH,P0,2026-07-20
Q5-R4,new_merge_PLAN_2026-07-18.md,24.13,Enrichment MCX options gates,IMPLEMENTED,Q5-R4,,enrichment.py mcx_contracts.py options_domain.py,GET /api/v1/selection/fixtures/q5-r4,,test_q5_bounded_enrichment.py,KEEP,Q5 research/fixture ceiling,OBSERVED_RUNTIME,RESEARCH,P0,2026-07-20
Q5-R5,new_merge_PLAN_2026-07-18.md,24.13,Offline PK harness zero authority,IMPLEMENTED,Q5-R5,,scanners/pk_compatibility.py,CLI only,,test_q5_pk_compatibility.py,KEEP,Q5 research/fixture ceiling,TESTED_OFFLINE,RESEARCH,P0,2026-07-20
Q5-R6,new_merge_PLAN_2026-07-18.md,24.13,Inspector history PIT drift,IMPLEMENTED,Q5-R6,,history_validation.py pit_path.py r6_fixtures.py,GET /api/v1/selection/fixtures/q5-r6,index.html inspector,test_q5_history_validation.py,KEEP,Q5 research/fixture ceiling,OBSERVED_RUNTIME,RESEARCH,P0,2026-07-20
Q5-R7,new_merge_PLAN_2026-07-18.md,24.13,OpenAlgo RO capability boundary,IMPLEMENTED,Q5-R7,,openalgo_client.py,GET /api/v1/integrations/openalgo/capability,,test_q5_openalgo_boundary.py,KEEP,Q5 research/fixture ceiling,OBSERVED_RUNTIME,RESEARCH,P0,2026-07-20
R0,new_merge_PLAN_2026-07-18.md,15,Contract freeze residuals inventory pin lint,PARTIAL,R0,Hybrid 16.3-16.6,source_inventory_compiler.py; source_cohort_r0c.py; source_contracts.py; feature_registry.py; indicator_engine.py; backend/trendforge_api/source_contracts.py,GET /api/source-inventory/compiler-report; GET /api/source-inventory/r0c-cohort; GET /api/v1/selection/feature-registry; GET /api/v1/selection/feature-registry/lint,,test_r0c_source_cohort.py,KEEP,"Feature and engine contracts pass; H1A0 is 6/6; R0-C now partitions the complete compiler remainder and exposes it read-only with every member quarantined and zero-authority. Source-specific extended fields, maturity transition history, unresolved mirror/resolver proof and live activation remain separate residuals",TESTED_OFFLINE,RESEARCH,P0,2026-09-02
R1,new_merge_PLAN_2026-07-18.md,15,Selection DTO radar,IMPLEMENTED,R1,Hybrid 9,backend/trendforge_api/selection/inventory_source_bundle.py; backend/trendforge_api/selection/store.py; backend/trendforge_api/selection/cash_post_commit.py,GET /api/v1/selection/evidence,,test_inventory_source_bundle.py,KEEP,Live 123-contract cadence-aware evidence DTO is persisted fail-closed at WATCH/WAIT/REJECT ceiling,OBSERVED_RUNTIME,RESEARCH,P0,2026-08-16
R2,new_merge_PLAN_2026-07-18.md,15,Live S0-S3 cheap pipeline,IMPLEMENTED,R2,Hybrid 5 16.7,backend/trendforge_api/selection/attention_order.py; backend/trendforge_api/selection/cash_post_commit.py,GET /api/v1/selection/attention,,test_attention_order.py,KEEP,"Live 2,463-row attention order is cadence-gated; non-current rows cannot rank and no CONFIRMED or geometry exists",OBSERVED_RUNTIME,RESEARCH,P0,2026-08-16
R3,new_merge_PLAN_2026-07-18.md,15,Family resolver,IMPLEMENTED,R3,Hybrid 16.9,selection/r3_claim_adapter.py; selection/r3_live.py; selection/resolver.py; selection/cash_post_commit.py,GET /api/v1/selection/resolution,,test_cash_post_commit_pipeline.py,KEEP,"FTR-040 binds only exact current NSE EOD cash facts to PARTICIPATION; R3 is hash-scoped, anti-double-counted, immutable over R2 and capped at WAIT with no geometry or execution",OBSERVED_RUNTIME,RESEARCH,P0,2026-08-16
R4,new_merge_PLAN_2026-07-18.md,15,PK pin delist fixtures,PARTIAL,R4,,scanners/pk_compatibility.py,CLI,,test_q5_pk_compatibility,KEEP,Delist set incomplete,TESTED_OFFLINE,RESEARCH,P1,2026-07-20
R5,new_merge_PLAN_2026-07-18.md,15,Structure pack first CONFIRMED,IMPLEMENTED,R5,Hybrid 16.8,selection/structure.py,GET /api/v1/selection/fixtures/q5-r3,,test_q5_closed_bar_structure.py,KEEP,Maps Q5-R3 fixture,OBSERVED_RUNTIME,RESEARCH,P0,2026-07-20
R6,new_merge_PLAN_2026-07-18.md,15,Shortlist enrichment live,PARTIAL,R6,Hybrid 16.7,selection/enrichment.py,q5-r4,,test_q5_bounded_enrichment,KEEP,Live wiring incomplete,TESTED_OFFLINE,RESEARCH,P1,2026-07-20
R7,new_merge_PLAN_2026-07-18.md,15,PK shadow CLI,IMPLEMENTED,R7,,scanners/,CLI,,test_q5_pk_compatibility,KEEP,Maps Q5-R5,TESTED_OFFLINE,RESEARCH,P0,2026-07-20
R8,new_merge_PLAN_2026-07-18.md,15,Native core scanner registry,IMPLEMENTED,R8,Hybrid 16.8,scanners/registry.py + scanners/native_core.py + main.py routes,native-core.js #nativeCorePanel,,test_r8_native_core,KEEP,Wraps R5 FTR-006/007/017 claims; one representative per group (FUS-009); PK shadow isolated; confirmedCount pinned 0; S3 nativeCoreMatches rank-safe,TESTED_OFFLINE,RESEARCH,P1,2026-08-26
R9,new_merge_PLAN_2026-07-18.md,15,Lifecycle ORB VWAP,PARTIAL,R9,Hybrid 16.8,history_validation.py; backend/trendforge_api/selection/history_validation.py,q5-r6,,,KEEP,ORB/VWAP needs live bars,CODE_PRESENT,RESEARCH,P2,2026-07-20
R10,new_merge_PLAN_2026-07-18.md,15,Pipe DSL,IMPLEMENTED,R10,Hybrid 16.9,scanners/pipe_dsl.py + main.py routes,pipes.js #pipeLabPanel,,test_r10_pipes,KEEP,FUS-010 zero-claim composition over R8 native cores; UNION/INTERSECTION/FILTER_STATE/ENRICH_S7; invalid stage fails run; deterministic stage counts; twins cannot inflate,TESTED_OFFLINE,RESEARCH,P2,2026-08-26
R11,new_merge_PLAN_2026-07-18.md,15,Swing RS delivery MCX master live,PARTIAL,R11,Hybrid 16.7 MCX,mcx_contracts.py + selection/r11_mcx_live.py + main.py routes,mcx-master.js #mcxMasterPanel,,test_r11_mcx_live.py,KEEP,Readiness board live (WAIT without official master+local bars; tender veto; FBIL/CFTC context-only); PRF-005/006/007 profiles still empty until named MCX activation,TESTED_OFFLINE,RESEARCH,P1,2026-08-26
R12,new_merge_PLAN_2026-07-18.md,15,Options timeline API,PARTIAL,R12,Hybrid 16.8,options_domain.py,q5-r4,,test_q5_bounded_enrichment.py,KEEP,No production timeline API,TESTED_OFFLINE,RESEARCH,P1,2026-07-20
R13,new_merge_PLAN_2026-07-18.md,15,Remaining scanners,IMPLEMENTED,R13,Hybrid 16.8,scanners/registry.py + native_core.py + native_extended.py + r5_live.py + s8_persist_run.py + scan_orchestrator.py (chips-only),GET /api/v1/scanners/native-core,scanner-lab.js #scannerLabPanel; native-core.js #nativeCorePanel,test_r13_remaining_scanners.py,KEEP,Pinned VCP/TTM/trend/Wilder-RSI/reversal/extremes guidance over adjusted closed hash-matched PIT bars; one bulk query; separate claimless representatives with inspectable suppression; S8 native hash attachment; zero claims/confirmation/state/rank/direction mutations; R9 remains skipped; stored pre-closure S8 honestly WAIT_S8_LINEAGE,OBSERVED_RUNTIME,RESEARCH,P2,2026-08-27
R14,new_merge_PLAN_2026-07-18.md,15,CA sponsor PK reconcile,PARTIAL,R14,Hybrid 18.6 19.8,corporate_actions.py; backend/trendforge_api/corporate_actions.py,,,,KEEP,Not full PK join,CODE_PRESENT,RESEARCH,P2,2026-07-20
R15,new_merge_PLAN_2026-07-18.md,15,Scanner Lab UI,PARTIAL,R15,,scanners/lab-bundle route in main.py,scanner-lab.js #scannerLabPanel (inspector tab) + #pipeLabPanel + #nativeCorePanel,scanner-lab.js #scannerLabPanel (inspector tab); pipes.js #pipeLabPanel; native-core.js #nativeCorePanel,test_r15_lab.py,KEEP,"Lab tab DONE 2026-08-25 (definitions, pipe flow, symbol drill-down, PK parity chips; radar columns frozen; refresh=GET). Full FMR-009/011 workspace layout still open",TESTED_OFFLINE,RESEARCH,P2,2026-08-25
R16,new_merge_PLAN_2026-07-18.md,15,PIT before performance UI,IMPLEMENTED,R16,Hybrid 15.5 16.11; File A 25.28,selection/s8_service.py + r16_pit.py + r16_metrics.py + r16_store.py + r16_service.py; backend/trendforge_api/selection/s8_service.py; backend/trendforge_api/selection/r16_pit.py; backend/trendforge_api/selection/r16_metrics.py; backend/trendforge_api/selection/r16_store.py; backend/trendforge_api/selection/r16_service.py,GET /api/v1/selection/pit/status,frontend/r16-pit-validation.js,test_r16_pit.py; backend/tests/test_r16_pit.py,KEEP,"R16 v1 code, 0013 migration and populated idempotent replay are verified; one real S8 date keeps PIT_NOT_APPROVED, and rendered browser inspection remains a tooling caveat",OBSERVED_RUNTIME,RESEARCH,P1,2026-08-29
R17,new_merge_PLAN_2026-07-18.md,15,OpenAlgo live RO shadow,PARTIAL,R17,Hybrid 16.13 15.2,openalgo_client.py,GET /api/v1/integrations/openalgo/capability,,test_q5_openalgo_boundary.py,KEEP,ABSENT boundary observed; no live feed,OBSERVED_RUNTIME,RESEARCH,P2,2026-07-20
R18,new_merge_PLAN_2026-07-18.md,15,Model governance upgrades,PARTIAL,R18,Hybrid 15.5,drift contracts,,,,KEEP,Contracts only,DOCUMENTED,RESEARCH,P3,2026-07-20
CROSS-001,new_merge_PLAN_2026-07-18.md,25.5,Inventory compiler H1A0 defects,IMPLEMENTED,R0,Hybrid 16.4,source_inventory_compiler.py; source_overlap_resolutions.py; backend/trendforge_api/source_inventory_compiler.py; backend/trendforge_api/source_overlap_resolutions.py; backend/trendforge_api/source_registry_contracts.py,GET /api/source-inventory/compiler-report,,test_source_inventory_compiler.py,LINK_TO_B,"Compiler exposes all 11 Hybrid defect classes, preserves 370-row lineage, binds 29 current overlap groups to exact reviewed typed dispositions, and passes H1A0 6/6 with zero unexplained, invalid or stale resolutions",OBSERVED_RUNTIME,RESEARCH,P0,2026-07-23
CROSS-002,new_merge_PLAN_2026-07-18.md,25.5,Current living source-key map and endpoint dispositions,IMPLEMENTED,R0/R2,Hybrid 16.6 18.4,source_inventory_compiler.py; source_key_map_review.py; backend/trendforge_api/source_inventory_compiler.py; backend/trendforge_api/source_key_map_review.py; backend/trendforge_api/source_registry_contracts.py,GET /api/source-inventory/compiler-report,,test_source_inventory_compiler.py,LINK_TO_B,"Compiler machine-enforces the current reviewed 118 inventory plus 74 runtime key sets as a 129-key union, keeps 197 generated identities as endpoint lineage, dispositions all 351 endpoints, and grants no gate authority",TESTED_OFFLINE,RESEARCH,P0,2026-07-20
CROSS-003,new_merge_PLAN_2026-07-18.md,25.5,J01-J14 decision jobs,IMPLEMENTED,R0,Hybrid 19.2,source_inventory_compiler.py; backend/trendforge_api/source_inventory_compiler.py,GET /api/source-inventory/compiler-report,,test_source_inventory_compiler.py,ADD,"All J01-J14 jobs are typed, exposed through the compiler API and assigned to compiled contracts without execution authority",OBSERVED_RUNTIME,RESEARCH,P0,2026-07-22
CROSS-004,new_merge_PLAN_2026-07-18.md,25.5,PRF named mandatory sources,IMPLEMENTED,R2/R6,Hybrid 16.7,selection/profile_source_contracts.py; backend/trendforge_api/selection/profile_source_contracts.py,,,backend/tests/test_profile_source_contracts.py,LINK_TO_B,Dual-file CROSS pointer,CODE_PRESENT,RESEARCH,P0,2026-09-02
CROSS-005,new_merge_PLAN_2026-07-18.md,25.5,Priority activation backlog 1-20,PLANNED,R2,Hybrid 16.16,source activation,,,,LINK_TO_B,Dual-file CROSS pointer,DOCUMENTED,RESEARCH,P1,2026-07-20
CROSS-006,new_merge_PLAN_2026-07-18.md,25.5,Maturity ladder stage counts,PARTIAL,R0,Hybrid 16.3,source_inventory_compiler.py; backend/trendforge_api/source_inventory_compiler.py; backend/trendforge_api/source_registry_contracts.py; backend/trendforge_api/source_monitor.py,GET /api/source-inventory/compiler-report,,test_source_inventory_compiler.py,ADD,"The ten-state ladder and counts are compiled fail-closed, but the source-health UI has not yet migrated to this contract",TESTED_OFFLINE,RESEARCH,P0,2026-07-20
CROSS-007,new_merge_PLAN_2026-07-18.md,25.5,dataset_root transport mirror fields,PARTIAL,R0,Hybrid 18.4,source_inventory_compiler.py; backend/trendforge_api/source_inventory_compiler.py; backend/trendforge_api/source_registry_contracts.py,GET /api/source-inventory/compiler-report,,test_source_inventory_compiler.py,ADD,"Dataset-root fields exist, but mirror/resolver identities and authority caps remain explicitly UNSPECIFIED pending source-by-source proof",TESTED_OFFLINE,RESEARCH,P0,2026-07-20
CROSS-008,new_merge_PLAN_2026-07-18.md,25.5,nse_fno_ban vs mwpl split,IMPLEMENTED,R0/R6,Hybrid 19.4,parsers/nse_mwpl_parser.py; gate_readiness.py; source_inventory_compiler.py; backend/trendforge_api/parsers/nse_mwpl_parser.py; backend/trendforge_api/gate_readiness.py; backend/trendforge_api/source_inventory_compiler.py,GET /api/gates/readiness; POST /api/source-parser/run; GET /api/source-inventory/compiler-report,,test_source_contract_hardening.py,IMPROVE,"Canonical ban and percentage contracts are separate; ban is a hard veto, missing percentages remain WAIT_MWPL_PERCENTAGES",TESTED_OFFLINE,RESEARCH,P0,2026-07-20
CROSS-009,new_merge_PLAN_2026-07-18.md,25.5,FBIL vs live USD/INR,PARTIAL,R11,Hybrid 19.5,commodity_context; backend/trendforge_api/commodity_context.py,,,,IMPROVE,Dual-file CROSS pointer,CODE_PRESENT,RESEARCH,P1,2026-07-20
CROSS-010,new_merge_PLAN_2026-07-18.md,25.5,Two-speed four lanes,PLANNED,R17,Hybrid 15.2,source_scheduler,,,,LINK_TO_B,Dual-file CROSS pointer,DOCUMENTED,RESEARCH,P1,2026-07-20
CROSS-011,new_merge_PLAN_2026-07-18.md,25.5,Trust-producing combinations,PLANNED,FUS,Hybrid 15.4,,,,,LINK_TO_B,Dual-file CROSS pointer,DOCUMENTED,RESEARCH,P2,2026-07-20
CROSS-012,new_merge_PLAN_2026-07-18.md,25.5,Per-source recovery SM,PARTIAL,ops,Hybrid 16.12,source_monitor; backend/trendforge_api/source_monitor.py,,,,LINK_TO_B,Dual-file CROSS pointer,CODE_PRESENT,RESEARCH,P1,2026-07-20
CROSS-013,new_merge_PLAN_2026-07-18.md,25.5,Four E2E vertical slices,PLANNED,delivery,Hybrid 16.17,,,,,LINK_TO_B,Dual-file CROSS pointer,DOCUMENTED,RESEARCH,P1,2026-07-20
CROSS-014,new_merge_PLAN_2026-07-18.md,25.5,Legacy scorer FUS-008,PARTIAL,R0/Q5,Hybrid 16.10 19.11,intraday_stock_details.py; backend/trendforge_api/intraday_stock_details.py,,,,IMPROVE,Dual-file CROSS pointer,CODE_PRESENT,RESEARCH,P0,2026-07-20
CROSS-015,new_merge_PLAN_2026-07-18.md,25.5,TradabilityRestriction full fields,IMPLEMENTED,R6,Hybrid 17.2 P0.1,selection/tradability.py + S7/S8 integration; backend/trendforge_api/selection/tradability.py; backend/trendforge_api/selection/s7_state_gates.py; backend/trendforge_api/selection/s8_persist_run.py,GET /api/v1/selection/tradability,frontend/s7-state.js,test_tradability_gate.py; backend/tests/test_tradability_gate.py,IMPROVE,Dual-file CROSS pointer,TESTED_OFFLINE,RESEARCH,P0,2026-09-03
CROSS-016,new_merge_PLAN_2026-07-18.md,25.5,Event MATCHED/POSSIBLE_MATCH,PARTIAL,R14,Hybrid 19.8,event claims; backend/trendforge_api/parsers/corporate_events_parser.py,,,,ADD,Dual-file CROSS pointer,CODE_PRESENT,RESEARCH,P1,2026-07-20
CROSS-017,new_merge_PLAN_2026-07-18.md,25.5,Productivity FOMO compare journal,PLANNED,UI,Hybrid 9-10,frontend,,,,LINK_TO_B,Dual-file CROSS pointer,DOCUMENTED,RESEARCH,P2,2026-07-20
CROSS-018,new_merge_PLAN_2026-07-18.md,25.5,Confidence vs evidence rank labels,PARTIAL,UI,Hybrid 15.5 16.9,q5-contract.js,,frontend/q5-contract.js,,KEEP,Dual-file CROSS pointer,CODE_PRESENT,RESEARCH,P1,2026-07-20
CROSS-019,new_merge_PLAN_2026-07-18.md,25.5,EvidenceClaim timestamps,PARTIAL,R1,Hybrid 7 17.2,selection/contracts.py; backend/trendforge_api/selection/contracts.py,,,,IMPROVE,Dual-file CROSS pointer,CODE_PRESENT,RESEARCH,P0,2026-07-20
CROSS-020,new_merge_PLAN_2026-07-18.md,25.5,Raw vs AdjustedMarketSeries,PARTIAL,R1,Hybrid 17.2 P0.2,storage candles; backend/trendforge_api/parquet_store.py,,,,IMPROVE,Dual-file CROSS pointer,CODE_PRESENT,RESEARCH,P0,2026-07-20
CROSS-021,new_merge_PLAN_2026-07-18.md,25.5,MARKET_FLOW parent cap,PARTIAL,FUS,Hybrid 17.2 P0.4,resolver.py; backend/trendforge_api/selection/resolver.py,,,,IMPROVE,Dual-file CROSS pointer,CODE_PRESENT,RESEARCH,P1,2026-07-20
CROSS-022,new_merge_PLAN_2026-07-18.md,25.5,OpenAlgo interface methods,PARTIAL,Q5-R7/R17,Hybrid 16.13,openalgo_client.py; backend/trendforge_api/openalgo_client.py,,,,KEEP,Dual-file CROSS pointer,CODE_PRESENT,RESEARCH,P1,2026-07-20
CROSS-023,new_merge_PLAN_2026-07-18.md,25.5,PIT calibration guards,IMPLEMENTED,R16,Hybrid 15.5 16.11,selection/r16_pit.py + selection/r16_metrics.py + selection/r16_store.py + selection/r16_service.py; backend/trendforge_api/selection/history_validation.py,,,,POSTPONE_UI,Dual-file CROSS pointer,CODE_PRESENT,RESEARCH,P1,2026-07-20
CROSS-024,new_merge_PLAN_2026-07-18.md,25.5,Extra failure narratives,PARTIAL,tests,Hybrid 17.10 18.11,tests/,,,backend/tests/test_q5_selection_contracts.py,KEEP,Dual-file CROSS pointer,CODE_PRESENT,RESEARCH,P1,2026-07-20
TDG-GAP-001,new_merge_PLAN 25.16 + TWO_DOCUMENT_GOVERNANCE,25.16,Source contract 15 extra fields,PARTIAL,R0,Hybrid 15.3,source_inventory_compiler.py; backend/trendforge_api/source_inventory_compiler.py,GET /api/source-inventory/compiler-report,,test_source_inventory_compiler.py,ADD,"All 15 fields are exposed, but every current contract remains unresolved until source-specific values and proofs are supplied",TESTED_OFFLINE,RESEARCH,P0,2026-07-20
TDG-GAP-002,new_merge_PLAN 25.16 + TWO_DOCUMENT_GOVERNANCE,25.16,Regime labels and size multipliers,PLANNED,S2,Hybrid 5 Stage 3,,,,,LINK_TO_B,TDG-GAP dual-file governance,DOCUMENTED,RESEARCH,P2,2026-07-20
TDG-GAP-003,new_merge_PLAN 25.16 + TWO_DOCUMENT_GOVERNANCE,25.16,ESOP inter-se gift enrichment rules,PLANNED,R6,Hybrid 5 Stage 5,,,,,LINK_TO_B,TDG-GAP dual-file governance,DOCUMENTED,RESEARCH,P1,2026-07-20
TDG-GAP-004,new_merge_PLAN 25.16 + TWO_DOCUMENT_GOVERNANCE,25.16,EvidenceClaim 19 base fields plus File A PIT fields,PARTIAL,R1,Hybrid 7,,,,,ADD,TDG-GAP dual-file governance,DOCUMENTED,RESEARCH,P0,2026-07-20
TDG-GAP-005,new_merge_PLAN 25.16 + TWO_DOCUMENT_GOVERNANCE,25.16,Guidance contract 19 fields qty postpone,PARTIAL,UI,Hybrid 7,,,,,POSTPONE_QTY,TDG-GAP dual-file governance,DOCUMENTED,POSTPONE_OR_REJECT,P2,2026-07-20
TDG-GAP-006,new_merge_PLAN 25.16 + TWO_DOCUMENT_GOVERNANCE,25.16,Productivity 10 requirements,PLANNED,UI,Hybrid 10,,,,,LINK_TO_B,TDG-GAP dual-file governance,DOCUMENTED,RESEARCH,P2,2026-07-20
TDG-GAP-007,new_merge_PLAN 25.16 + TWO_DOCUMENT_GOVERNANCE,25.16,4-lane reliability architecture,PLANNED,R17,Hybrid 15.2,,,,,LINK_TO_B,TDG-GAP dual-file governance,DOCUMENTED,RESEARCH,P1,2026-07-20
TDG-GAP-008,new_merge_PLAN 25.16 + TWO_DOCUMENT_GOVERNANCE,25.16,Trust combinations table,PLANNED,FUS,Hybrid 15.4,,,,,LINK_TO_B,TDG-GAP dual-file governance,DOCUMENTED,RESEARCH,P2,2026-07-20
TDG-GAP-009,new_merge_PLAN 25.16 + TWO_DOCUMENT_GOVERNANCE,25.16,Probability promotion Brier ECE 200,POSTPONED,R16,Hybrid 15.5,,,,,POSTPONE,TDG-GAP dual-file governance,DOCUMENTED,POSTPONE_OR_REJECT,P2,2026-07-20
TDG-GAP-010,new_merge_PLAN 25.16 + TWO_DOCUMENT_GOVERNANCE,25.16,Execution preflight tick lot freeze,POSTPONED,future,Hybrid 15.6,,,,,POSTPONE,TDG-GAP dual-file governance,DOCUMENTED,POSTPONE_OR_REJECT,P3,2026-07-20
TDG-GAP-011,new_merge_PLAN 25.16 + TWO_DOCUMENT_GOVERNANCE,25.16,10-state source maturity ladder,PARTIAL,R0,Hybrid 16.3,source_inventory_compiler.py; backend/trendforge_api/source_inventory_compiler.py,GET /api/source-inventory/compiler-report,,test_source_inventory_compiler.py,ADD,"The complete ten-state maturity ladder is typed, counted and exposed without status-text promotion, but source transitions are not separately persisted with history",OBSERVED_RUNTIME,RESEARCH,P0,2026-07-22
TDG-GAP-012,new_merge_PLAN 25.16 + TWO_DOCUMENT_GOVERNANCE,25.16,11 inventory defects enumeration,IMPLEMENTED,R0,Hybrid 16.4,source_inventory_compiler.py; backend/trendforge_api/source_inventory_compiler.py,GET /api/source-inventory/compiler-report,,test_source_inventory_compiler.py,LINK_TO_B,"All 11 Hybrid defect classes are first-class compiler/API codes with zero-inclusive counts, migration actions and adversarial fixtures",OBSERVED_RUNTIME,RESEARCH,P0,2026-07-22
TDG-GAP-013,new_merge_PLAN 25.16 + TWO_DOCUMENT_GOVERNANCE,25.16,Living source-key enumeration and endpoint disposition,IMPLEMENTED,R0,Hybrid 16.6,source_inventory_compiler.py; backend/trendforge_api/source_inventory_compiler.py,GET /api/source-inventory/compiler-report,,test_source_inventory_compiler.py,LINK_TO_B,"Current 118 inventory and 74 runtime keys compile to one reviewed 129-key union; 197 hash IDs remain lineage-only, all 351 endpoints have explicit dispositions, and drift fails closed",TESTED_OFFLINE,RESEARCH,P0,2026-07-20
TDG-GAP-014,new_merge_PLAN 25.16 + TWO_DOCUMENT_GOVERNANCE,25.16,Exact contract names per profile,IMPLEMENTED,R2/R6,Hybrid 16.7,backend/trendforge_api/selection/profile_source_contracts.py,,,backend/tests/test_profile_source_contracts.py,ADD,TDG-GAP dual-file governance,CODE_PRESENT,RESEARCH,P0,2026-09-02
TDG-GAP-015,new_merge_PLAN 25.16 + TWO_DOCUMENT_GOVERNANCE,25.16,Exact feature calculation formulas,PARTIAL,R5/R8,Hybrid 16.8,,,,,LINK_TO_B,TDG-GAP dual-file governance,DOCUMENTED,RESEARCH,P0,2026-07-20
TDG-GAP-016,new_merge_PLAN 25.16 + TWO_DOCUMENT_GOVERNANCE,25.16,q_i quality formula,PARTIAL,R3/FUS,Hybrid 16.9,,,,,ADD,TDG-GAP dual-file governance,DOCUMENTED,RESEARCH,P0,2026-07-20
TDG-GAP-017,new_merge_PLAN 25.16 + TWO_DOCUMENT_GOVERNANCE,25.16,PIT feature store schema labels metrics,IMPLEMENTED,R16,Hybrid 16.11,,,,,LINK_TO_B,TDG-GAP dual-file governance,DOCUMENTED,RESEARCH,P1,2026-07-20
TDG-GAP-018,new_merge_PLAN 25.16 + TWO_DOCUMENT_GOVERNANCE,25.16,14-state breakage recovery SM,PLANNED,R17,Hybrid 16.12,,,,,LINK_TO_B,TDG-GAP dual-file governance,DOCUMENTED,RESEARCH,P1,2026-07-20
TDG-GAP-019,new_merge_PLAN 25.16 + TWO_DOCUMENT_GOVERNANCE,25.16,OpenAlgo 9+5 methods,PARTIAL,R17,Hybrid 16.13,,,,,POSTPONE_EXEC,TDG-GAP dual-file governance,DOCUMENTED,POSTPONE_OR_REJECT,P1,2026-07-20
TDG-GAP-020,new_merge_PLAN 25.16 + TWO_DOCUMENT_GOVERNANCE,25.16,Risk sizing INR formula,POSTPONED,H10,Hybrid 16.14,,,,,REJECT_CURRENT,TDG-GAP dual-file governance,DOCUMENTED,POSTPONE_OR_REJECT,P3,2026-07-20
TDG-GAP-021,new_merge_PLAN 25.16 + TWO_DOCUMENT_GOVERNANCE,25.16,Priority activation backlog 1-20,PLANNED,R2,Hybrid 16.16,,,,,ADD,TDG-GAP dual-file governance,DOCUMENTED,RESEARCH,P1,2026-07-20
TDG-GAP-022,new_merge_PLAN 25.16 + TWO_DOCUMENT_GOVERNANCE,25.16,Per-profile tradability checks,IMPLEMENTED,R6,Hybrid 17.4,selection/tradability.py; selection/s7_state_gates.py; selection/s8_persist_run.py,GET /api/v1/selection/tradability; GET /api/v1/selection/tradability/{symbol},,test_tradability_gate.py,IMPROVE,TDG-GAP dual-file governance,TESTED_OFFLINE,RESEARCH,P0,2026-09-03
TDG-GAP-023,new_merge_PLAN 25.16 + TWO_DOCUMENT_GOVERNANCE,25.16,Versioned cost STT GST list,PLANNED,R16,Hybrid 17.7,,,,,LINK_TO_B,TDG-GAP dual-file governance,DOCUMENTED,RESEARCH,P2,2026-07-20
TDG-GAP-024,new_merge_PLAN 25.16 + TWO_DOCUMENT_GOVERNANCE,25.16,11-field dataset-root model plus File A business keys,PARTIAL,R0,Hybrid 18.4,source_inventory_compiler.py; backend/trendforge_api/source_inventory_compiler.py,GET /api/source-inventory/compiler-report,,test_source_inventory_compiler.py,ADD,"The 11-field model is present, but mirror, resolver and authority-cap values remain UNSPECIFIED pending evidence",TESTED_OFFLINE,RESEARCH,P0,2026-07-20
TDG-GAP-025,new_merge_PLAN 25.16 + TWO_DOCUMENT_GOVERNANCE,25.16,J01-J14 taxonomy,IMPLEMENTED,R0,Hybrid 19.2,source_inventory_compiler.py; backend/trendforge_api/source_inventory_compiler.py,GET /api/source-inventory/compiler-report,,test_source_inventory_compiler.py,ADD,"J01-J14 are typed, described, assigned and exposed by the compiler API",OBSERVED_RUNTIME,RESEARCH,P0,2026-07-22
TDG-GAP-026,new_merge_PLAN 25.16 + TWO_DOCUMENT_GOVERNANCE,25.16,Cross-exchange event match states,PARTIAL,R14,Hybrid 19.8,,,,,ADD,TDG-GAP dual-file governance,DOCUMENTED,RESEARCH,P1,2026-07-20
HYBRID-1-1,new_merge_PLAN_2026-07-18.md + TRENDFORGE_HYBRID_DATA_TO_DECISION_PLAN_2026-07-17.md,1,Quantity/risk sizing objective,POSTPONED,POST-HYB-01,Section 1,,,,,POSTPONE,Executable quantity is outside current scope; REJ-011 is broker execution/OMS/account routes,DOCUMENTED,POSTPONE_SIZING,P3,2026-07-20
HYBRID-2-1,new_merge_PLAN_2026-07-18.md + TRENDFORGE_HYBRID_DATA_TO_DECISION_PLAN_2026-07-17.md,2,Inventory 370/354/105/231/18 baseline,PARTIAL,R0,Section 2,,,,,ADD,Compiler recomputes workbook row counts/hashes,DOCUMENTED,RESEARCH,P0,2026-07-20
HYBRID-4-1,new_merge_PLAN_2026-07-18.md + TRENDFORGE_HYBRID_DATA_TO_DECISION_PLAN_2026-07-17.md,4,Source contract decision_jobs fields,PARTIAL,DAT-021/R0,Section 4,,,,,IMPROVE,Preserved Hybrid requirement; implementation or evidence remains incomplete,DOCUMENTED,RESEARCH,P0,2026-07-20
HYBRID-5-1,new_merge_PLAN_2026-07-18.md + TRENDFORGE_HYBRID_DATA_TO_DECISION_PLAN_2026-07-17.md,5.8,Risk sizing ATR/spread/gap pipeline,POSTPONED,POST-HYB-01,Section 5.8,,,,,POSTPONE,Research rationale retained; executable sizing remains outside current scope,DOCUMENTED,POSTPONE_SIZING,P3,2026-07-20
HYBRID-5-2,new_merge_PLAN_2026-07-18.md + TRENDFORGE_HYBRID_DATA_TO_DECISION_PLAN_2026-07-17.md,5.9,OpenAlgo promotion sequence,PARTIAL,OPN/Q5-R7,Section 5.9,,,,,IMPROVE,RO only,DOCUMENTED,RESEARCH,P1,2026-07-20
HYBRID-6-1,new_merge_PLAN_2026-07-18.md + TRENDFORGE_HYBRID_DATA_TO_DECISION_PLAN_2026-07-17.md,6,Strategy mandatory combinations,IMPLEMENTED,PRF-001..007,Section 6,backend/trendforge_api/selection/profile_source_contracts.py,,,backend/tests/test_profile_source_contracts.py,IMPROVE,"Named mandatory, confirmation and veto source groups are implemented for all seven profiles",CODE_PRESENT,RESEARCH,P0,2026-09-02
HYBRID-7-1,new_merge_PLAN_2026-07-18.md + TRENDFORGE_HYBRID_DATA_TO_DECISION_PLAN_2026-07-17.md,7,EvidenceClaim complete schema,PARTIAL,DAT-019,Section 7,,,,,IMPROVE,Preserved Hybrid requirement; implementation or evidence remains incomplete,DOCUMENTED,RESEARCH,P0,2026-07-20
HYBRID-7-2,new_merge_PLAN_2026-07-18.md + TRENDFORGE_HYBRID_DATA_TO_DECISION_PLAN_2026-07-17.md,7,Guidance contract entry/stop/qty,PARTIAL,UI,Section 7,,,,,POSTPONE,qty fields out of scope,DOCUMENTED,POSTPONE_SIZING,P2,2026-07-20
HYBRID-8-1,new_merge_PLAN_2026-07-18.md + TRENDFORGE_HYBRID_DATA_TO_DECISION_PLAN_2026-07-17.md,8,Storage model rationale,PARTIAL,STO 14,Section 8,,,,,LINK_TO_B,Preserved Hybrid requirement; implementation or evidence remains incomplete,DOCUMENTED,RESEARCH,P2,2026-07-20
HYBRID-9-1,new_merge_PLAN_2026-07-18.md + TRENDFORGE_HYBRID_DATA_TO_DECISION_PLAN_2026-07-17.md,9,UI command bar radar risk rail,PARTIAL,UI-001..009,Section 9,,,,,IMPROVE,no qty rail,DOCUMENTED,RESEARCH,P1,2026-07-20
HYBRID-9-2,new_merge_PLAN_2026-07-18.md + TRENDFORGE_HYBRID_DATA_TO_DECISION_PLAN_2026-07-17.md,9,Inspector tabs content,PARTIAL,13.2/Q5-R6,Section 9,,,,,KEEP,Preserved Hybrid requirement; implementation or evidence remains incomplete,DOCUMENTED,RESEARCH,P1,2026-07-20
HYBRID-10-1,new_merge_PLAN_2026-07-18.md + TRENDFORGE_HYBRID_DATA_TO_DECISION_PLAN_2026-07-17.md,10,Productivity 10 features,PLANNED,CROSS-017,Section 10,,,,,ADD,Preserved Hybrid requirement; implementation or evidence remains incomplete,DOCUMENTED,RESEARCH,P2,2026-07-20
HYBRID-11-1,new_merge_PLAN_2026-07-18.md + TRENDFORGE_HYBRID_DATA_TO_DECISION_PLAN_2026-07-17.md,11,API risk/guidance endpoint proposals,POSTPONED,POST-HYB-01/02,Section 11,,,,,POSTPONE,No executable sizing endpoint; retain evidence and no-action guidance concepts only,DOCUMENTED,POSTPONE_SIZING,P2,2026-07-20
HYBRID-15-1,new_merge_PLAN_2026-07-18.md + TRENDFORGE_HYBRID_DATA_TO_DECISION_PLAN_2026-07-17.md,15,Fable audit gaps,PARTIAL,File A 20-23,Section 15,,,,,IMPROVE,Preserved Hybrid requirement; implementation or evidence remains incomplete,DOCUMENTED,RESEARCH,P1,2026-07-20
HYBRID-16-1,new_merge_PLAN_2026-07-18.md + TRENDFORGE_HYBRID_DATA_TO_DECISION_PLAN_2026-07-17.md,16.1,Workbook paths and SHA-256,PLANNED,R0,Section 16.1,,,,,ADD,Recompute live hashes,DOCUMENTED,RESEARCH,P0,2026-07-20
HYBRID-16-2,new_merge_PLAN_2026-07-18.md + TRENDFORGE_HYBRID_DATA_TO_DECISION_PLAN_2026-07-17.md,16.3,Source-state ladder 10 states,PARTIAL,CROSS-006,Section 16.3,,,,,ADD,Preserved Hybrid requirement; implementation or evidence remains incomplete,DOCUMENTED,RESEARCH,P0,2026-07-20
HYBRID-16-3,new_merge_PLAN_2026-07-18.md + TRENDFORGE_HYBRID_DATA_TO_DECISION_PLAN_2026-07-17.md,16.4,Inventory defects 11,IMPLEMENTED,CROSS-001,Section 16.4,source_inventory_compiler.py; source_overlap_resolutions.py,GET /api/source-inventory/compiler-report,,test_source_inventory_compiler.py,LINK_TO_B,All 11 defect classes remain explicit and H1A0 6/6 passes with complete lineage plus exact reviewed semantic-overlap dispositions,OBSERVED_RUNTIME,RESEARCH,P0,2026-07-23
HYBRID-16-4,new_merge_PLAN_2026-07-18.md + TRENDFORGE_HYBRID_DATA_TO_DECISION_PLAN_2026-07-17.md,16.5,URL roles 10 counts,PLANNED,R0,Section 16.5,,,,,ADD,Preserved Hybrid requirement; implementation or evidence remains incomplete,DOCUMENTED,RESEARCH,P1,2026-07-20
HYBRID-16-5,new_merge_PLAN_2026-07-18.md + TRENDFORGE_HYBRID_DATA_TO_DECISION_PLAN_2026-07-17.md,16.6,Living source-key map and endpoint dispositions,IMPLEMENTED,CROSS-002,Section 16.6,,,,,LINK_TO_B,Preserved Hybrid requirement; implementation or evidence remains incomplete,DOCUMENTED,RESEARCH,P0,2026-07-20
HYBRID-16-6,new_merge_PLAN_2026-07-18.md + TRENDFORGE_HYBRID_DATA_TO_DECISION_PLAN_2026-07-17.md,16.7,Strategy source combos exact keys,IMPLEMENTED,CROSS-004,Section 16.7,backend/trendforge_api/selection/profile_source_contracts.py,,,backend/tests/test_profile_source_contracts.py,LINK_TO_B,Exact keys are exposed by the zero-authority profile-source contract registry,CODE_PRESENT,RESEARCH,P0,2026-09-02
HYBRID-16-7,new_merge_PLAN_2026-07-18.md + TRENDFORGE_HYBRID_DATA_TO_DECISION_PLAN_2026-07-17.md,16.8,Feature formula derivations,PARTIAL,FTR-001..039,Section 16.8,,,,,LINK_TO_B,Preserved Hybrid requirement; implementation or evidence remains incomplete,DOCUMENTED,RESEARCH,P0,2026-07-20
HYBRID-16-8,new_merge_PLAN_2026-07-18.md + TRENDFORGE_HYBRID_DATA_TO_DECISION_PLAN_2026-07-17.md,16.9,q_i claim-quality formula,PARTIAL,R3/FUS-009,Section 16.9,,,,,MERGE,Use q_i only as claim quality input; File A FUS-009 controls family fusion and anti-double-counting,DOCUMENTED,RESEARCH,P0,2026-07-20
HYBRID-16-9,new_merge_PLAN_2026-07-18.md + TRENDFORGE_HYBRID_DATA_TO_DECISION_PLAN_2026-07-17.md,16.10,Legacy scorer lines 887-931,PARTIAL,FUS-008/CROSS-014,Section 16.10,,,,,IMPROVE,Preserved Hybrid requirement; implementation or evidence remains incomplete,DOCUMENTED,RESEARCH,P0,2026-07-20
HYBRID-16-10,new_merge_PLAN_2026-07-18.md + TRENDFORGE_HYBRID_DATA_TO_DECISION_PLAN_2026-07-17.md,16.11,ML PIT Brier ECE plan,PARTIAL,R16/VAL,Section 16.11,,,,,IMPROVE,No P(win) UI early,DOCUMENTED,RESEARCH,P1,2026-07-20
HYBRID-17-1,new_merge_PLAN_2026-07-18.md + TRENDFORGE_HYBRID_DATA_TO_DECISION_PLAN_2026-07-17.md,17.2 P0.1,Tradability T2T ESM ban MWPL,PARTIAL,FTR-035,Section 17.2 P0.1,,,,,IMPROVE,Preserved Hybrid requirement; implementation or evidence remains incomplete,DOCUMENTED,RESEARCH,P0,2026-07-20
HYBRID-17-2,new_merge_PLAN_2026-07-18.md + TRENDFORGE_HYBRID_DATA_TO_DECISION_PLAN_2026-07-17.md,17.2 P0.2,Raw/adjusted layers,PARTIAL,STO-020,Section 17.2 P0.2,,,,,IMPROVE,Preserved Hybrid requirement; implementation or evidence remains incomplete,DOCUMENTED,RESEARCH,P0,2026-07-20
HYBRID-17-3,new_merge_PLAN_2026-07-18.md + TRENDFORGE_HYBRID_DATA_TO_DECISION_PLAN_2026-07-17.md,17.2 P0.3,Timestamps revision,PARTIAL,DAT-019,Section 17.2 P0.3,,,,,IMPROVE,Preserved Hybrid requirement; implementation or evidence remains incomplete,DOCUMENTED,RESEARCH,P0,2026-07-20
HYBRID-17-4,new_merge_PLAN_2026-07-18.md + TRENDFORGE_HYBRID_DATA_TO_DECISION_PLAN_2026-07-17.md,17.2 P0.4,Family hierarchy caps,PARTIAL,FUS/CROSS-021,Section 17.2 P0.4,,,,,IMPROVE,Preserved Hybrid requirement; implementation or evidence remains incomplete,DOCUMENTED,RESEARCH,P1,2026-07-20
HYBRID-17-5,new_merge_PLAN_2026-07-18.md + TRENDFORGE_HYBRID_DATA_TO_DECISION_PLAN_2026-07-17.md,17.2 P0.5,Realizable unit risk,POSTPONED,POST-HYB-03,Section 17.2 P0.5,,,,,POSTPONE,Keep as future research; current product cannot calculate executable quantity,DOCUMENTED,POSTPONE_SIZING,P3,2026-07-20
HYBRID-17-6,new_merge_PLAN_2026-07-18.md + TRENDFORGE_HYBRID_DATA_TO_DECISION_PLAN_2026-07-17.md,17.2 P0.6,Legacy quarantine flags,PARTIAL,FUS-008,Section 17.2 P0.6,,,,,IMPROVE,can_size false,DOCUMENTED,RESEARCH,P0,2026-07-20
HYBRID-18-1,new_merge_PLAN_2026-07-18.md + TRENDFORGE_HYBRID_DATA_TO_DECISION_PLAN_2026-07-17.md,18.4,Dataset-root identity model,PLANNED,TDG-GAP-024,Section 18.4,,,,,ADD,Preserved Hybrid requirement; implementation or evidence remains incomplete,DOCUMENTED,RESEARCH,P0,2026-07-20
HYBRID-18-2,new_merge_PLAN_2026-07-18.md + TRENDFORGE_HYBRID_DATA_TO_DECISION_PLAN_2026-07-17.md,18.5,Four decision chains,PARTIAL,PRF,Section 18.5,,,,,IMPROVE,Preserved Hybrid requirement; implementation or evidence remains incomplete,DOCUMENTED,RESEARCH,P1,2026-07-20
HYBRID-18-3,new_merge_PLAN_2026-07-18.md + TRENDFORGE_HYBRID_DATA_TO_DECISION_PLAN_2026-07-17.md,18.6,Code corrections 9 items,PARTIAL,impl notes,Section 18.6,,,,,IMPROVE,Preserved Hybrid requirement; implementation or evidence remains incomplete,DOCUMENTED,RESEARCH,P1,2026-07-20
HYBRID-19-1,new_merge_PLAN_2026-07-18.md + TRENDFORGE_HYBRID_DATA_TO_DECISION_PLAN_2026-07-17.md,19.2,J01-J14 taxonomy,IMPLEMENTED,CROSS-003,Section 19.2,,,,,ADD,"J01-J14 are typed, exposed and covered by the inventory compiler contract",DOCUMENTED,RESEARCH,P0,2026-07-20
HYBRID-19-2,new_merge_PLAN_2026-07-18.md + TRENDFORGE_HYBRID_DATA_TO_DECISION_PLAN_2026-07-17.md,19.3,NSE transport 9 behaviors,PARTIAL,DAT-020,Section 19.3,,,,,IMPROVE,Preserved Hybrid requirement; implementation or evidence remains incomplete,DOCUMENTED,RESEARCH,P0,2026-07-20
HYBRID-19-3,new_merge_PLAN_2026-07-18.md + TRENDFORGE_HYBRID_DATA_TO_DECISION_PLAN_2026-07-17.md,19.4,F&O ban MWPL split,IMPLEMENTED,CROSS-008,Section 19.4,,,,,KEEP,Canonical split verified; percentages remain explicitly unavailable,DOCUMENTED,RESEARCH,P0,2026-07-20
HYBRID-19-4,new_merge_PLAN_2026-07-18.md + TRENDFORGE_HYBRID_DATA_TO_DECISION_PLAN_2026-07-17.md,19.5,USD/INR role split,PARTIAL,CROSS-009,Section 19.5,,,,,IMPROVE,Preserved Hybrid requirement; implementation or evidence remains incomplete,DOCUMENTED,RESEARCH,P1,2026-07-20
HYBRID-19-5,new_merge_PLAN_2026-07-18.md + TRENDFORGE_HYBRID_DATA_TO_DECISION_PLAN_2026-07-17.md,19.6,Legacy state mapping,PARTIAL,STA-005,Section 19.6,,,,,ADD,Preserved Hybrid requirement; implementation or evidence remains incomplete,DOCUMENTED,RESEARCH,P0,2026-07-20
HYBRID-19-6,new_merge_PLAN_2026-07-18.md + TRENDFORGE_HYBRID_DATA_TO_DECISION_PLAN_2026-07-17.md,19.7,PIT outcome worker,PARTIAL,R16/STO,Section 19.7,,,,,IMPROVE,Preserved Hybrid requirement; implementation or evidence remains incomplete,DOCUMENTED,RESEARCH,P1,2026-07-20
HYBRID-19-7,new_merge_PLAN_2026-07-18.md + TRENDFORGE_HYBRID_DATA_TO_DECISION_PLAN_2026-07-17.md,19.8,Event matching states,PARTIAL,CROSS-016,Section 19.8,,,,,IMPROVE,Preserved Hybrid requirement; implementation or evidence remains incomplete,DOCUMENTED,RESEARCH,P1,2026-07-20
HYBRID-19-8,new_merge_PLAN_2026-07-18.md + TRENDFORGE_HYBRID_DATA_TO_DECISION_PLAN_2026-07-17.md,19.9,True P0 priority,PARTIAL,R0-R18,Section 19.9,,,,,IMPROVE,Preserved Hybrid requirement; implementation or evidence remains incomplete,DOCUMENTED,RESEARCH,P1,2026-07-20
HYBRID-19-9,new_merge_PLAN_2026-07-18.md + TRENDFORGE_HYBRID_DATA_TO_DECISION_PLAN_2026-07-17.md,19.11,Legacy quarantine controls,PARTIAL,FUS-008,Section 19.11,,,,,IMPROVE,Preserved Hybrid requirement; implementation or evidence remains incomplete,DOCUMENTED,RESEARCH,P0,2026-07-20
HYBRID-19-10,new_merge_PLAN_2026-07-18.md + TRENDFORGE_HYBRID_DATA_TO_DECISION_PLAN_2026-07-17.md,19.12,Risk policy percentages,POSTPONED,POST-HYB-01,Section 19.12,,,,,POSTPONE,Research-only until a separately approved sizing scope exists,DOCUMENTED,POSTPONE_SIZING,P3,2026-07-20
HYBRID-19-11,new_merge_PLAN_2026-07-18.md + TRENDFORGE_HYBRID_DATA_TO_DECISION_PLAN_2026-07-17.md,19.13,H-series milestones,PLANNED,R0-R18 map,Section 19.13,,,,,KEEP,Advisory only,DOCUMENTED,RESEARCH,P1,2026-07-20
FMR-001,FINAL_MERGE_PLAN.md + new_merge_PLAN_2026-07-18.md,FMR-001; File A 25.21,Use every permitted source and every resolved stock for research,PLANNED,R0/R2/R16,Open Final Merge FMR section plus Hybrid sections mapped by File A,,,,,ADD,"Dynamic source bindings, complete research universe, PIT coverage and explicit unknowns",DOCUMENTED,RESEARCH,P0,2026-07-29
FMR-002,FINAL_MERGE_PLAN.md + new_merge_PLAN_2026-07-18.md,FMR-002; File A 25.21,Complete cheap-to-expensive all-stock research flow,PLANNED,R0/R2/R3/R8/R9/R15/R16,Open Final Merge FMR section plus Hybrid sections mapped by File A,,,,,MERGE,"All-stock cheap pass, transparent shortlist, closed structure, one resolver, radar and journal",DOCUMENTED,RESEARCH,P0,2026-07-29
FMR-003,FINAL_MERGE_PLAN.md + new_merge_PLAN_2026-07-18.md,FMR-003; File A 25.21,Option-chain truth and feature-specific eligibility,PLANNED,R12,Open Final Merge FMR section plus Hybrid sections mapped by File A,,,,,ADD,"Identity, timing, contract master, chain quality and snapshot proof must precede interpretation",DOCUMENTED,RESEARCH,P1,2026-07-29
FMR-004,FINAL_MERGE_PLAN.md + new_merge_PLAN_2026-07-18.md,FMR-004; File A 25.21,Strike OI PCR walls max-pain skew term and migration research,PLANNED,R12/R16,Open Final Merge FMR section plus Hybrid sections mapped by File A,,,,,MERGE,One strike/expiry laboratory with PIT sensitivity and explicit coverage,DOCUMENTED,RESEARCH,P1,2026-07-29
FMR-005,FINAL_MERGE_PLAN.md + new_merge_PLAN_2026-07-18.md,FMR-005; File A 25.21,Gamma concentration and signed GEX scenario research,PLANNED,R12/R16,Open Final Merge FMR section plus Hybrid sections mapped by File A,,,,,ADD,Canonical Gamma stays unsigned; signed GEX and flip remain labeled scenarios pending PIT proof,DOCUMENTED,RESEARCH,P1,2026-07-29
FMR-006,FINAL_MERGE_PLAN.md + new_merge_PLAN_2026-07-18.md,FMR-006; File A 25.21,IV Greeks expiry and research-contract inspection,PLANNED,R12/R16,Open Final Merge FMR section plus Hybrid sections mapped by File A,,,,,MERGE,"Model, carry, settlement, quote quality and near-expiry stability remain explicit",DOCUMENTED,RESEARCH,P1,2026-07-29
FMR-007,FINAL_MERGE_PLAN.md + new_merge_PLAN_2026-07-18.md,FMR-007; File A 25.21,Combine one derivatives package with governed stock selection,PLANNED,R3/R12/R15,Open Final Merge FMR section plus Hybrid sections mapped by File A,,,,,MERGE,Options may support weaken conflict or remain unknown but cannot independently confirm,DOCUMENTED,RESEARCH,P1,2026-07-29
FMR-008,FINAL_MERGE_PLAN.md + new_merge_PLAN_2026-07-18.md,FMR-008; File A 25.21,PKScreener open-source calculators and OpenAlgo read-only comparison,PLANNED,R4/R7/R12/R17,Open Final Merge FMR section plus Hybrid sections mapped by File A,,,,,MERGE,Pinned audited shadow tools only; dependencies and licenses require proof and OpenAlgo remains read-only,DOCUMENTED,RESEARCH,P1,2026-07-29
FMR-009,FINAL_MERGE_PLAN.md + new_merge_PLAN_2026-07-18.md,FMR-009; File A 25.21,All Stocks radar and Strike Expiry inspector,PARTIAL,R15,Open Final Merge FMR section plus Hybrid sections mapped by File A,,,docs/TRENDFORGE_FINAL_PRODUCT.html (static fixture); frontend runtime pending,,ADD,"Show every resolved stock, shortlist reasons, calculations, missing proof, conflicts and lineage; static presentation fixture exists but canonical runtime/PIT/model ownership remains open",DOCUMENTED,RESEARCH,P1,2026-08-14
FMR-010,FINAL_MERGE_PLAN.md + new_merge_PLAN_2026-07-18.md,FMR-010; File A 25.21,Final Merge acceptance tests lineage PIT and build ceilings,PLANNED,R0-R18,Open Final Merge FMR section plus Hybrid sections mapped by File A,,,,,ADD,Every mapped vertical must adopt applicable adversarial tests before completion,DOCUMENTED,RESEARCH,P0,2026-07-29
FMR-011,FINAL_MERGE_PLAN.md + new_merge_PLAN_2026-07-18.md,FMR-011; File A 25.21,Local Paper Lab objective outcomes and governed ML relearning,PARTIAL,R15/R16/R18,Open Final Merge FMR section plus Hybrid sections mapped by File A,,,docs/TRENDFORGE_FINAL_PRODUCT.html (static fixture); frontend runtime pending,,ADD,Deterministic no-broker replay feeds PIT labels and batch challenger learning with drift review human promotion and rollback; static presentation fixture exists but canonical runtime/PIT/model ownership remains open,DOCUMENTED,RESEARCH,P0,2026-08-14
CONFLICT-001,new_merge_PLAN_2026-07-18.md,25.8,Public NSE routes vs live intraday authority,CONFLICT,N/A,,,,,,CONFLICT_RESOLVED,Public routes remain research-only until licensed/OpenAlgo integrity gates pass,DOCUMENTED,RESEARCH,P0,2026-07-20
CONFLICT-002,new_merge_PLAN_2026-07-18.md,25.8,Hybrid WAIT/READY variants vs four public states,CONFLICT,N/A,,,,,,CONFLICT_RESOLVED,Expose WATCH/WAIT/CONFIRMED/REJECT only; variants are reason codes,DOCUMENTED,RESEARCH,P0,2026-07-20
CONFLICT-003,new_merge_PLAN_2026-07-18.md,25.8,Hybrid H1-H10 order vs File A R0-R18/Q5,CONFLICT,N/A,,,,,,CONFLICT_RESOLVED,File A sequence controls; H-series labels are detail aliases only,DOCUMENTED,RESEARCH,P0,2026-07-20
CONFLICT-004,new_merge_PLAN_2026-07-18.md,25.8,Hybrid quantity/risk rail vs current no-quantity scope,CONFLICT,N/A,,,,,,CONFLICT_RESOLVED,Postpone under POST-HYB-01..03; no executable quantity,DOCUMENTED,POSTPONE_SIZING,P0,2026-07-20
CONFLICT-005,new_merge_PLAN_2026-07-18.md,25.8,Online or automatic ML promotion vs governed relearning,CONFLICT,N/A,,,,,,CONFLICT_RESOLVED,Offline batch relearning is allowed under FMR-011; no silent promotion; R16/R18 control,DOCUMENTED,RESEARCH,P0,2026-07-20
CONFLICT-006,new_merge_PLAN_2026-07-18.md,25.8,External proposal to keep all domain detail out of File A,CONFLICT,N/A,,,,,,CONFLICT_RESOLVED,File A keeps short FTR contracts; File B remains the long-form recipe library,DOCUMENTED,RESEARCH,P0,2026-07-20
CONFLICT-007,TRENDFORGE_GOVERNANCE_SYSTEM_ai.md,legacy duplicate conflict registry,Legacy R0-R18 vs H1-H10 conflict alias,REJECTED,CONFLICT-003,,,,,,MERGE,Not a File A conflict; retained only as a non-authoritative alias of CONFLICT-003,DOCUMENTED,REJECTED,P3,2026-07-20
DAT-010,new_merge_PLAN_2026-07-18.md,6; 17.1,Mandatory 22-field feature contract and build lint,IMPLEMENTED,R0,,backend/trendforge_api/feature_registry.py,GET /api/v1/selection/feature-registry,,test_feature_registry.py,KEEP,Contract-level R0 ceiling; registry presence does not prove feature activation or live authority,OBSERVED_RUNTIME,RESEARCH,P0,2026-07-20
DAT-011,new_merge_PLAN_2026-07-18.md,17.1,One pinned indicator engine and dependency manifest per run,IMPLEMENTED,R0,,backend/trendforge_api/indicator_engine.py; backend/trendforge_api/selection/contracts.py,GET /api/v1/selection/feature-registry/lint,,test_feature_registry.py,KEEP,Contract-level R0 ceiling; registry presence does not prove feature activation or live authority,OBSERVED_RUNTIME,RESEARCH,P0,2026-07-20
T-028,new_merge_PLAN_2026-07-18.md,16.3; 25.12,Insufficient indicator warm-up returns INPUT_INCOMPLETE,IMPLEMENTED,R0,,,,,test_feature_registry.py; backend/tests/test_feature_registry.py,KEEP,Observed in deterministic offline fixtures,TESTED_OFFLINE,RESEARCH,P0,2026-07-20
T-029,new_merge_PLAN_2026-07-18.md,16.3; 25.12,Mixed indicator engines fail the run manifest,IMPLEMENTED,R0,,,,,test_feature_registry.py; backend/tests/test_feature_registry.py,KEEP,Observed in deterministic offline fixtures,TESTED_OFFLINE,RESEARCH,P0,2026-07-20
T-030,new_merge_PLAN_2026-07-18.md,16.3; 25.12,Indicator parity divergence is recorded explicitly,IMPLEMENTED,R0,,,,,test_feature_registry.py; backend/tests/test_feature_registry.py,KEEP,Observed in deterministic offline fixtures,TESTED_OFFLINE,RESEARCH,P0,2026-07-20
T-194,new_merge_PLAN_2026-07-18.md,16.3; 25.12,Missing or mixed engine identity fails closed,IMPLEMENTED,R0,,,,,test_feature_registry.py; backend/tests/test_feature_registry.py,KEEP,Observed in deterministic offline fixtures,TESTED_OFFLINE,RESEARCH,P0,2026-07-20
T-195,new_merge_PLAN_2026-07-18.md,16.3; 25.12,Insufficient warm-up history cannot emit indicator evidence,IMPLEMENTED,R0,,,,,test_feature_registry.py; backend/tests/test_feature_registry.py,KEEP,Observed in deterministic offline fixtures,TESTED_OFFLINE,RESEARCH,P0,2026-07-20
GOV-002,new_merge_PLAN_2026-07-18.md,ledger,No execution OMS account routes,IMPLEMENTED,governance,,,,,test_q5_openalgo_boundary; backend/tests/test_q5_openalgo_boundary.py,KEEP,File A controlling,CODE_PRESENT,RESEARCH,P0,2026-07-20
GOV-003,new_merge_PLAN_2026-07-18.md,ledger,Evidence strength not probability,IMPLEMENTED,governance,,,,frontend/tests/q5-contract.test.js,q5-contract frontend,KEEP,File A controlling,CODE_PRESENT,RESEARCH,P0,2026-07-20
STA-001,new_merge_PLAN_2026-07-18.md,ledger,Four product states only,IMPLEMENTED,governance,,,,,test_q5_selection_contracts; backend/tests/test_q5_selection_contracts.py,KEEP,File A controlling,CODE_PRESENT,RESEARCH,P0,2026-07-20
FUS-008,new_merge_PLAN_2026-07-18.md,ledger,detail_score discovery quarantine,PARTIAL,governance,,,,,test_q5 + call-graph open; backend/tests/test_q5_selection_contracts.py,KEEP,File A controlling,CODE_PRESENT,RESEARCH,P0,2026-07-20
FUS-011,new_merge_PLAN_2026-07-18.md,ledger,Zero corroboration bonus,IMPLEMENTED,governance,,,,,test_q5_family_resolver; backend/tests/test_q5_family_resolver.py,KEEP,File A controlling,CODE_PRESENT,RESEARCH,P0,2026-07-20
PK-019,new_merge_PLAN_2026-07-18.md,ledger,Finite offline PK no production sidecar,IMPLEMENTED,governance,,,,,test_q5_pk_compatibility; backend/tests/test_q5_pk_compatibility.py,KEEP,File A controlling,CODE_PRESENT,RESEARCH,P0,2026-07-20
REJ-011,new_merge_PLAN_2026-07-18.md,ledger,Broker execution rejected,REJECTED,governance,,,,,,REJECT,File A controlling,DOCUMENTED,REJECTED,P0,2026-07-20
POST-HYB-01,new_merge_PLAN_2026-07-18.md,ledger,INR 1L quantity tables postponed,POSTPONED,governance,,,,,,POSTPONE,File A controlling,DOCUMENTED,RESEARCH,P3,2026-07-20
GOV-TRACE-001,new_merge_PLAN_2026-07-18.md,ledger,This CSV is traceability only not a third plan,IMPLEMENTED,governance,,docs/fable/remaining_build/build_coverage_csv.py,,,build_coverage_csv.py validation,KEEP,File A controlling,CODE_PRESENT,RESEARCH,P0,2026-07-20
